Fytoken,Symbol Details,Exchange Instrument type,Minimum lot size,Tick size,ISIN,Last update date,Expiry date,Symbol ticker,Exchange,Segment,Scrip code,Underlying scrip code,Strike price,Option type
101123071335016,NIFTY 23 Jul 13 15550 CE,14,50,0.05,0915-1530|1815-1915:,2023-07-06,2023-07-13,NSE:NIFTY2371315550CE,10,11,35016,NIFTY,15550.0,CE
101123071335017,NIFTY 23 Jul 13 15550 PE,14,50,0.05,0915-1530|1815-1915:,2023-07-06,2023-07-13,NSE:NIFTY2371315550PE,10,11,35017,NIFTY,15550.0,PE
101123071335018,NIFTY 23 Jul 13 15600 CE,14,50,0.05,0915-1530|1815-1915:,2023-07-06,2023-07-13,NSE:NIFTY2371315600CE,10,11,35018,NIFTY,15600.0,CE
101123071335019,NIFTY 23 Jul 13 15600 PE,14,50,0.05,0915-1530|1815-1915:,2023-07-06,2023-07-13,NSE:NIFTY2371315600PE,10,11,35019,NIFTY,15600.0,PE
101123071352396,NIFTY 23 Jul 13 15650 PE,14,50,0.05,0915-1530|1815-1915:,2023-07-06,2023-07-13,NSE:NIFTY2371315650PE,10,11,52396,NIFTY,15650.0,PE
101123071352395,NIFTY 23 Jul 13 15650 CE,14,50,0.05,0915-1530|1815-1915:,2023-07-06,2023-07-13,NSE:NIFTY2371315650CE,10,11,52395,NIFTY,15650.0,CE
101123071352397,NIFTY 23 Jul 13 15700 CE,14,50,0.05,0915-1530|1815-1915:,2023-07-06,2023-07-13,NSE:NIFTY2371315700CE,10,11,52397,NIFTY,15700.0,CE
101123071352398,NIFTY 23 Jul 13 15700 PE,14,50,0.05,0915-1530|1815-1915:,2023-07-06,2023-07-13,NSE:NIFTY2371315700PE,10,11,52398,NIFTY,15700.0,PE
101123071352402,NIFTY 23 Jul 13 15750 PE,14,50,0.05,0915-1530|1815-1915:,2023-07-06,2023-07-13,NSE:NIFTY2371315750PE,10,11,52402,NIFTY,15750.0,PE
101123071352401,NIFTY 23 Jul 13 15750 CE,14,50,0.05,0915-1530|1815-1915:,2023-07-06,2023-07-13,NSE:NIFTY2371315750CE,10,11,52401,NIFTY,15750.0,CE
101123071352404,NIFTY 23 Jul 13 15800 PE,14,50,0.05,0915-1530|1815-1915:,2023-07-06,2023-07-13,NSE:NIFTY2371315800PE,10,11,52404,NIFTY,15800.0,PE
101123071352403,NIFTY 23 Jul 13 15800 CE,14,50,0.05,0915-1530|1815-1915:,2023-07-06,2023-07-13,NSE:NIFTY2371315800CE,10,11,52403,NIFTY,15800.0,CE
101123071352405,NIFTY 23 Jul 13 15850 CE,14,50,0.05,0915-1530|1815-1915:,2023-07-06,2023-07-13,NSE:NIFTY2371315850CE,10,11,52405,NIFTY,15850.0,CE
101123071352406,NIFTY 23 Jul 13 15850 PE,14,50,0.05,0915-1530|1815-1915:,2023-07-06,2023-07-13,NSE:NIFTY2371315850PE,10,11,52406,NIFTY,15850.0,PE
101123071352411,NIFTY 23 Jul 13 15900 CE,14,50,0.05,0915-1530|1815-1915:,2023-07-06,2023-07-13,NSE:NIFTY2371315900CE,10,11,52411,NIFTY,15900.0,CE
101123071352412,NIFTY 23 Jul 13 15900 PE,14,50,0.05,0915-1530|1815-1915:,2023-07-06,2023-07-13,NSE:NIFTY2371315900PE,10,11,52412,NIFTY,15900.0,PE
101123071352414,NIFTY 23 Jul 13 15950 PE,14,50,0.05,0915-1530|1815-1915:,2023-07-06,2023-07-13,NSE:NIFTY2371315950PE,10,11,52414,NIFTY,15950.0,PE
101123071352413,NIFTY 23 Jul 13 15950 CE,14,50,0.05,0915-1530|1815-1915:,2023-07-06,2023-07-13,NSE:NIFTY2371315950CE,10,11,52413,NIFTY,15950.0,CE
101123071352430,NIFTY 23 Jul 13 16000 CE,14,50,0.05,0915-1530|1815-1915:,2023-07-06,2023-07-13,NSE:NIFTY2371316000CE,10,11,52430,NIFTY,16000.0,CE
101123071352431,NIFTY 23 Jul 13 16000 PE,14,50,0.05,0915-1530|1815-1915:,2023-07-06,2023-07-13,NSE:NIFTY2371316000PE,10,11,52431,NIFTY,16000.0,PE
101123071352439,NIFTY 23 Jul 13 16050 PE,14,50,0.05,0915-1530|1815-1915:,2023-07-06,2023-07-13,NSE:NIFTY2371316050PE,10,11,52439,NIFTY,16050.0,PE
101123071352438,NIFTY 23 Jul 13 16050 CE,14,50,0.05,0915-1530|1815-1915:,2023-07-06,2023-07-13,NSE:NIFTY2371316050CE,10,11,52438,NIFTY,16050.0,CE
101123071352685,NIFTY 23 Jul 13 16100 PE,14,50,0.05,0915-1530|1815-1915:,2023-07-06,2023-07-13,NSE:NIFTY2371316100PE,10,11,52685,NIFTY,16100.0,PE
101123071352684,NIFTY 23 Jul 13 16100 CE,14,50,0.05,0915-1530|1815-1915:,2023-07-06,2023-07-13,NSE:NIFTY2371316100CE,10,11,52684,NIFTY,16100.0,CE
101123071352687,NIFTY 23 Jul 13 16150 PE,14,50,0.05,0915-1530|1815-1915:,2023-07-06,2023-07-13,NSE:NIFTY2371316150PE,10,11,52687,NIFTY,16150.0,PE
101123071352686,NIFTY 23 Jul 13 16150 CE,14,50,0.05,0915-1530|1815-1915:,2023-07-06,2023-07-13,NSE:NIFTY2371316150CE,10,11,52686,NIFTY,16150.0,CE
101123071352689,NIFTY 23 Jul 13 16200 PE,14,50,0.05,0915-1530|1815-1915:,2023-07-06,2023-07-13,NSE:NIFTY2371316200PE,10,11,52689,NIFTY,16200.0,PE
101123071352688,NIFTY 23 Jul 13 16200 CE,14,50,0.05,0915-1530|1815-1915:,2023-07-06,2023-07-13,NSE:NIFTY2371316200CE,10,11,52688,NIFTY,16200.0,CE
101123071352691,NIFTY 23 Jul 13 16250 PE,14,50,0.05,0915-1530|1815-1915:,2023-07-06,2023-07-13,NSE:NIFTY2371316250PE,10,11,52691,NIFTY,16250.0,PE
101123071352690,NIFTY 23 Jul 13 16250 CE,14,50,0.05,0915-1530|1815-1915:,2023-07-06,2023-07-13,NSE:NIFTY2371316250CE,10,11,52690,NIFTY,16250.0,CE
101123071352697,NIFTY 23 Jul 13 16300 PE,14,50,0.05,0915-1530|1815-1915:,2023-07-06,2023-07-13,NSE:NIFTY2371316300PE,10,11,52697,NIFTY,16300.0,PE
101123071352696,NIFTY 23 Jul 13 16300 CE,14,50,0.05,0915-1530|1815-1915:,2023-07-06,2023-07-13,NSE:NIFTY2371316300CE,10,11,52696,NIFTY,16300.0,CE
101123071352699,NIFTY 23 Jul 13 16350 PE,14,50,0.05,0915-1530|1815-1915:,2023-07-06,2023-07-13,NSE:NIFTY2371316350PE,10,11,52699,NIFTY,16350.0,PE
101123071352698,NIFTY 23 Jul 13 16350 CE,14,50,0.05,0915-1530|1815-1915:,2023-07-06,2023-07-13,NSE:NIFTY2371316350CE,10,11,52698,NIFTY,16350.0,CE
101123071352706,NIFTY 23 Jul 13 16400 CE,14,50,0.05,0915-1530|1815-1915:,2023-07-06,2023-07-13,NSE:NIFTY2371316400CE,10,11,52706,NIFTY,16400.0,CE
101123071352707,NIFTY 23 Jul 13 16400 PE,14,50,0.05,0915-1530|1815-1915:,2023-07-06,2023-07-13,NSE:NIFTY2371316400PE,10,11,52707,NIFTY,16400.0,PE
101123071352733,NIFTY 23 Jul 13 16450 PE,14,50,0.05,0915-1530|1815-1915:,2023-07-06,2023-07-13,NSE:NIFTY2371316450PE,10,11,52733,NIFTY,16450.0,PE
101123071352732,NIFTY 23 Jul 13 16450 CE,14,50,0.05,0915-1530|1815-1915:,2023-07-06,2023-07-13,NSE:NIFTY2371316450CE,10,11,52732,NIFTY,16450.0,CE
101123071352735,NIFTY 23 Jul 13 16500 PE,14,50,0.05,0915-1530|1815-1915:,2023-07-06,2023-07-13,NSE:NIFTY2371316500PE,10,11,52735,NIFTY,16500.0,PE
101123071352734,NIFTY 23 Jul 13 16500 CE,14,50,0.05,0915-1530|1815-1915:,2023-07-06,2023-07-13,NSE:NIFTY2371316500CE,10,11,52734,NIFTY,16500.0,CE
101123071352741,NIFTY 23 Jul 13 16550 PE,14,50,0.05,0915-1530|1815-1915:,2023-07-06,2023-07-13,NSE:NIFTY2371316550PE,10,11,52741,NIFTY,16550.0,PE
101123071352740,NIFTY 23 Jul 13 16550 CE,14,50,0.05,0915-1530|1815-1915:,2023-07-06,2023-07-13,NSE:NIFTY2371316550CE,10,11,52740,NIFTY,16550.0,CE
101123071352743,NIFTY 23 Jul 13 16600 PE,14,50,0.05,0915-1530|1815-1915:,2023-07-06,2023-07-13,NSE:NIFTY2371316600PE,10,11,52743,NIFTY,16600.0,PE
101123071352742,NIFTY 23 Jul 13 16600 CE,14,50,0.05,0915-1530|1815-1915:,2023-07-06,2023-07-13,NSE:NIFTY2371316600CE,10,11,52742,NIFTY,16600.0,CE
101123071352759,NIFTY 23 Jul 13 16650 PE,14,50,0.05,0915-1530|1815-1915:,2023-07-06,2023-07-13,NSE:NIFTY2371316650PE,10,11,52759,NIFTY,16650.0,PE
101123071352758,NIFTY 23 Jul 13 16650 CE,14,50,0.05,0915-1530|1815-1915:,2023-07-06,2023-07-13,NSE:NIFTY2371316650CE,10,11,52758,NIFTY,16650.0,CE
101123071352761,NIFTY 23 Jul 13 16700 PE,14,50,0.05,0915-1530|1815-1915:,2023-07-06,2023-07-13,NSE:NIFTY2371316700PE,10,11,52761,NIFTY,16700.0,PE
101123071352760,NIFTY 23 Jul 13 16700 CE,14,50,0.05,0915-1530|1815-1915:,2023-07-06,2023-07-13,NSE:NIFTY2371316700CE,10,11,52760,NIFTY,16700.0,CE
101123071352764,NIFTY 23 Jul 13 16750 CE,14,50,0.05,0915-1530|1815-1915:,2023-07-06,2023-07-13,NSE:NIFTY2371316750CE,10,11,52764,NIFTY,16750.0,CE
101123071352765,NIFTY 23 Jul 13 16750 PE,14,50,0.05,0915-1530|1815-1915:,2023-07-06,2023-07-13,NSE:NIFTY2371316750PE,10,11,52765,NIFTY,16750.0,PE
101123071352767,NIFTY 23 Jul 13 16800 PE,14,50,0.05,0915-1530|1815-1915:,2023-07-06,2023-07-13,NSE:NIFTY2371316800PE,10,11,52767,NIFTY,16800.0,PE
101123071352766,NIFTY 23 Jul 13 16800 CE,14,50,0.05,0915-1530|1815-1915:,2023-07-06,2023-07-13,NSE:NIFTY2371316800CE,10,11,52766,NIFTY,16800.0,CE
101123071352768,NIFTY 23 Jul 13 16850 CE,14,50,0.05,0915-1530|1815-1915:,2023-07-06,2023-07-13,NSE:NIFTY2371316850CE,10,11,52768,NIFTY,16850.0,CE
101123071352769,NIFTY 23 Jul 13 16850 PE,14,50,0.05,0915-1530|1815-1915:,2023-07-06,2023-07-13,NSE:NIFTY2371316850PE,10,11,52769,NIFTY,16850.0,PE
101123071352771,NIFTY 23 Jul 13 16900 PE,14,50,0.05,0915-1530|1815-1915:,2023-07-06,2023-07-13,NSE:NIFTY2371316900PE,10,11,52771,NIFTY,16900.0,PE
101123071352770,NIFTY 23 Jul 13 16900 CE,14,50,0.05,0915-1530|1815-1915:,2023-07-06,2023-07-13,NSE:NIFTY2371316900CE,10,11,52770,NIFTY,16900.0,CE
101123071352773,NIFTY 23 Jul 13 16950 PE,14,50,0.05,0915-1530|1815-1915:,2023-07-06,2023-07-13,NSE:NIFTY2371316950PE,10,11,52773,NIFTY,16950.0,PE
101123071352772,NIFTY 23 Jul 13 16950 CE,14,50,0.05,0915-1530|1815-1915:,2023-07-06,2023-07-13,NSE:NIFTY2371316950CE,10,11,52772,NIFTY,16950.0,CE
101123071352775,NIFTY 23 Jul 13 17000 PE,14,50,0.05,0915-1530|1815-1915:,2023-07-06,2023-07-13,NSE:NIFTY2371317000PE,10,11,52775,NIFTY,17000.0,PE
101123071352774,NIFTY 23 Jul 13 17000 CE,14,50,0.05,0915-1530|1815-1915:,2023-07-06,2023-07-13,NSE:NIFTY2371317000CE,10,11,52774,NIFTY,17000.0,CE
101123071352777,NIFTY 23 Jul 13 17050 PE,14,50,0.05,0915-1530|1815-1915:,2023-07-06,2023-07-13,NSE:NIFTY2371317050PE,10,11,52777,NIFTY,17050.0,PE
101123071352776,NIFTY 23 Jul 13 17050 CE,14,50,0.05,0915-1530|1815-1915:,2023-07-06,2023-07-13,NSE:NIFTY2371317050CE,10,11,52776,NIFTY,17050.0,CE
101123071352782,NIFTY 23 Jul 13 17100 CE,14,50,0.05,0915-1530|1815-1915:,2023-07-06,2023-07-13,NSE:NIFTY2371317100CE,10,11,52782,NIFTY,17100.0,CE
101123071352783,NIFTY 23 Jul 13 17100 PE,14,50,0.05,0915-1530|1815-1915:,2023-07-06,2023-07-13,NSE:NIFTY2371317100PE,10,11,52783,NIFTY,17100.0,PE
101123071352791,NIFTY 23 Jul 13 17150 PE,14,50,0.05,0915-1530|1815-1915:,2023-07-06,2023-07-13,NSE:NIFTY2371317150PE,10,11,52791,NIFTY,17150.0,PE
101123071352790,NIFTY 23 Jul 13 17150 CE,14,50,0.05,0915-1530|1815-1915:,2023-07-06,2023-07-13,NSE:NIFTY2371317150CE,10,11,52790,NIFTY,17150.0,CE
101123071352792,NIFTY 23 Jul 13 17200 CE,14,50,0.05,0915-1530|1815-1915:,2023-07-06,2023-07-13,NSE:NIFTY2371317200CE,10,11,52792,NIFTY,17200.0,CE
101123071352793,NIFTY 23 Jul 13 17200 PE,14,50,0.05,0915-1530|1815-1915:,2023-07-06,2023-07-13,NSE:NIFTY2371317200PE,10,11,52793,NIFTY,17200.0,PE
101123071352797,NIFTY 23 Jul 13 17250 PE,14,50,0.05,0915-1530|1815-1915:,2023-07-06,2023-07-13,NSE:NIFTY2371317250PE,10,11,52797,NIFTY,17250.0,PE
101123071352796,NIFTY 23 Jul 13 17250 CE,14,50,0.05,0915-1530|1815-1915:,2023-07-06,2023-07-13,NSE:NIFTY2371317250CE,10,11,52796,NIFTY,17250.0,CE
101123071352798,NIFTY 23 Jul 13 17300 CE,14,50,0.05,0915-1530|1815-1915:,2023-07-06,2023-07-13,NSE:NIFTY2371317300CE,10,11,52798,NIFTY,17300.0,CE
101123071352799,NIFTY 23 Jul 13 17300 PE,14,50,0.05,0915-1530|1815-1915:,2023-07-06,2023-07-13,NSE:NIFTY2371317300PE,10,11,52799,NIFTY,17300.0,PE
101123071352803,NIFTY 23 Jul 13 17350 PE,14,50,0.05,0915-1530|1815-1915:,2023-07-06,2023-07-13,NSE:NIFTY2371317350PE,10,11,52803,NIFTY,17350.0,PE
101123071352802,NIFTY 23 Jul 13 17350 CE,14,50,0.05,0915-1530|1815-1915:,2023-07-06,2023-07-13,NSE:NIFTY2371317350CE,10,11,52802,NIFTY,17350.0,CE
101123071352805,NIFTY 23 Jul 13 17400 PE,14,50,0.05,0915-1530|1815-1915:,2023-07-06,2023-07-13,NSE:NIFTY2371317400PE,10,11,52805,NIFTY,17400.0,PE
101123071352804,NIFTY 23 Jul 13 17400 CE,14,50,0.05,0915-1530|1815-1915:,2023-07-06,2023-07-13,NSE:NIFTY2371317400CE,10,11,52804,NIFTY,17400.0,CE
101123071352816,NIFTY 23 Jul 13 17450 CE,14,50,0.05,0915-1530|1815-1915:,2023-07-06,2023-07-13,NSE:NIFTY2371317450CE,10,11,52816,NIFTY,17450.0,CE
101123071352817,NIFTY 23 Jul 13 17450 PE,14,50,0.05,0915-1530|1815-1915:,2023-07-06,2023-07-13,NSE:NIFTY2371317450PE,10,11,52817,NIFTY,17450.0,PE
101123071352819,NIFTY 23 Jul 13 17500 PE,14,50,0.05,0915-1530|1815-1915:,2023-07-06,2023-07-13,NSE:NIFTY2371317500PE,10,11,52819,NIFTY,17500.0,PE
101123071352818,NIFTY 23 Jul 13 17500 CE,14,50,0.05,0915-1530|1815-1915:,2023-07-06,2023-07-13,NSE:NIFTY2371317500CE,10,11,52818,NIFTY,17500.0,CE
101123071352820,NIFTY 23 Jul 13 17550 CE,14,50,0.05,0915-1530|1815-1915:,2023-07-06,2023-07-13,NSE:NIFTY2371317550CE,10,11,52820,NIFTY,17550.0,CE
101123071352821,NIFTY 23 Jul 13 17550 PE,14,50,0.05,0915-1530|1815-1915:,2023-07-06,2023-07-13,NSE:NIFTY2371317550PE,10,11,52821,NIFTY,17550.0,PE
101123071352822,NIFTY 23 Jul 13 17600 CE,14,50,0.05,0915-1530|1815-1915:,2023-07-06,2023-07-13,NSE:NIFTY2371317600CE,10,11,52822,NIFTY,17600.0,CE
101123071352823,NIFTY 23 Jul 13 17600 PE,14,50,0.05,0915-1530|1815-1915:,2023-07-06,2023-07-13,NSE:NIFTY2371317600PE,10,11,52823,NIFTY,17600.0,PE
101123071352830,NIFTY 23 Jul 13 17650 CE,14,50,0.05,0915-1530|1815-1915:,2023-07-06,2023-07-13,NSE:NIFTY2371317650CE,10,11,52830,NIFTY,17650.0,CE
101123071352831,NIFTY 23 Jul 13 17650 PE,14,50,0.05,0915-1530|1815-1915:,2023-07-06,2023-07-13,NSE:NIFTY2371317650PE,10,11,52831,NIFTY,17650.0,PE
101123071352833,NIFTY 23 Jul 13 17700 PE,14,50,0.05,0915-1530|1815-1915:,2023-07-06,2023-07-13,NSE:NIFTY2371317700PE,10,11,52833,NIFTY,17700.0,PE
101123071352832,NIFTY 23 Jul 13 17700 CE,14,50,0.05,0915-1530|1815-1915:,2023-07-06,2023-07-13,NSE:NIFTY2371317700CE,10,11,52832,NIFTY,17700.0,CE
101123071352837,NIFTY 23 Jul 13 17750 PE,14,50,0.05,0915-1530|1815-1915:,2023-07-06,2023-07-13,NSE:NIFTY2371317750PE,10,11,52837,NIFTY,17750.0,PE
101123071352836,NIFTY 23 Jul 13 17750 CE,14,50,0.05,0915-1530|1815-1915:,2023-07-06,2023-07-13,NSE:NIFTY2371317750CE,10,11,52836,NIFTY,17750.0,CE
101123071352838,NIFTY 23 Jul 13 17800 CE,14,50,0.05,0915-1530|1815-1915:,2023-07-06,2023-07-13,NSE:NIFTY2371317800CE,10,11,52838,NIFTY,17800.0,CE
101123071352839,NIFTY 23 Jul 13 17800 PE,14,50,0.05,0915-1530|1815-1915:,2023-07-06,2023-07-13,NSE:NIFTY2371317800PE,10,11,52839,NIFTY,17800.0,PE
101123071352843,NIFTY 23 Jul 13 17850 PE,14,50,0.05,0915-1530|1815-1915:,2023-07-06,2023-07-13,NSE:NIFTY2371317850PE,10,11,52843,NIFTY,17850.0,PE
101123071352842,NIFTY 23 Jul 13 17850 CE,14,50,0.05,0915-1530|1815-1915:,2023-07-06,2023-07-13,NSE:NIFTY2371317850CE,10,11,52842,NIFTY,17850.0,CE
101123071352845,NIFTY 23 Jul 13 17900 PE,14,50,0.05,0915-1530|1815-1915:,2023-07-06,2023-07-13,NSE:NIFTY2371317900PE,10,11,52845,NIFTY,17900.0,PE
101123071352844,NIFTY 23 Jul 13 17900 CE,14,50,0.05,0915-1530|1815-1915:,2023-07-06,2023-07-13,NSE:NIFTY2371317900CE,10,11,52844,NIFTY,17900.0,CE
101123071352851,NIFTY 23 Jul 13 17950 PE,14,50,0.05,0915-1530|1815-1915:,2023-07-06,2023-07-13,NSE:NIFTY2371317950PE,10,11,52851,NIFTY,17950.0,PE
101123071352850,NIFTY 23 Jul 13 17950 CE,14,50,0.05,0915-1530|1815-1915:,2023-07-06,2023-07-13,NSE:NIFTY2371317950CE,10,11,52850,NIFTY,17950.0,CE
101123071352852,NIFTY 23 Jul 13 18000 CE,14,50,0.05,0915-1530|1815-1915:,2023-07-06,2023-07-13,NSE:NIFTY2371318000CE,10,11,52852,NIFTY,18000.0,CE
101123071352853,NIFTY 23 Jul 13 18000 PE,14,50,0.05,0915-1530|1815-1915:,2023-07-06,2023-07-13,NSE:NIFTY2371318000PE,10,11,52853,NIFTY,18000.0,PE
101123071352999,NIFTY 23 Jul 13 18050 CE,14,50,0.05,0915-1530|1815-1915:,2023-07-06,2023-07-13,NSE:NIFTY2371318050CE,10,11,52999,NIFTY,18050.0,CE
101123071353000,NIFTY 23 Jul 13 18050 PE,14,50,0.05,0915-1530|1815-1915:,2023-07-06,2023-07-13,NSE:NIFTY2371318050PE,10,11,53000,NIFTY,18050.0,PE
101123071353001,NIFTY 23 Jul 13 18100 CE,14,50,0.05,0915-1530|1815-1915:,2023-07-06,2023-07-13,NSE:NIFTY2371318100CE,10,11,53001,NIFTY,18100.0,CE
101123071353002,NIFTY 23 Jul 13 18100 PE,14,50,0.05,0915-1530|1815-1915:,2023-07-06,2023-07-13,NSE:NIFTY2371318100PE,10,11,53002,NIFTY,18100.0,PE
101123071353004,NIFTY 23 Jul 13 18150 PE,14,50,0.05,0915-1530|1815-1915:,2023-07-06,2023-07-13,NSE:NIFTY2371318150PE,10,11,53004,NIFTY,18150.0,PE
101123071353003,NIFTY 23 Jul 13 18150 CE,14,50,0.05,0915-1530|1815-1915:,2023-07-06,2023-07-13,NSE:NIFTY2371318150CE,10,11,53003,NIFTY,18150.0,CE
101123071353006,NIFTY 23 Jul 13 18200 PE,14,50,0.05,0915-1530|1815-1915:,2023-07-06,2023-07-13,NSE:NIFTY2371318200PE,10,11,53006,NIFTY,18200.0,PE
101123071353005,NIFTY 23 Jul 13 18200 CE,14,50,0.05,0915-1530|1815-1915:,2023-07-06,2023-07-13,NSE:NIFTY2371318200CE,10,11,53005,NIFTY,18200.0,CE
101123071353011,NIFTY 23 Jul 13 18250 CE,14,50,0.05,0915-1530|1815-1915:,2023-07-06,2023-07-13,NSE:NIFTY2371318250CE,10,11,53011,NIFTY,18250.0,CE
101123071353012,NIFTY 23 Jul 13 18250 PE,14,50,0.05,0915-1530|1815-1915:,2023-07-06,2023-07-13,NSE:NIFTY2371318250PE,10,11,53012,NIFTY,18250.0,PE
101123071353013,NIFTY 23 Jul 13 18300 CE,14,50,0.05,0915-1530|1815-1915:,2023-07-06,2023-07-13,NSE:NIFTY2371318300CE,10,11,53013,NIFTY,18300.0,CE
101123071353014,NIFTY 23 Jul 13 18300 PE,14,50,0.05,0915-1530|1815-1915:,2023-07-06,2023-07-13,NSE:NIFTY2371318300PE,10,11,53014,NIFTY,18300.0,PE
101123071353015,NIFTY 23 Jul 13 18350 CE,14,50,0.05,0915-1530|1815-1915:,2023-07-06,2023-07-13,NSE:NIFTY2371318350CE,10,11,53015,NIFTY,18350.0,CE
101123071353016,NIFTY 23 Jul 13 18350 PE,14,50,0.05,0915-1530|1815-1915:,2023-07-06,2023-07-13,NSE:NIFTY2371318350PE,10,11,53016,NIFTY,18350.0,PE
101123071353021,NIFTY 23 Jul 13 18400 CE,14,50,0.05,0915-1530|1815-1915:,2023-07-06,2023-07-13,NSE:NIFTY2371318400CE,10,11,53021,NIFTY,18400.0,CE
101123071353022,NIFTY 23 Jul 13 18400 PE,14,50,0.05,0915-1530|1815-1915:,2023-07-06,2023-07-13,NSE:NIFTY2371318400PE,10,11,53022,NIFTY,18400.0,PE
101123071353023,NIFTY 23 Jul 13 18450 CE,14,50,0.05,0915-1530|1815-1915:,2023-07-06,2023-07-13,NSE:NIFTY2371318450CE,10,11,53023,NIFTY,18450.0,CE
101123071353024,NIFTY 23 Jul 13 18450 PE,14,50,0.05,0915-1530|1815-1915:,2023-07-06,2023-07-13,NSE:NIFTY2371318450PE,10,11,53024,NIFTY,18450.0,PE
101123071353025,NIFTY 23 Jul 13 18500 CE,14,50,0.05,0915-1530|1815-1915:,2023-07-06,2023-07-13,NSE:NIFTY2371318500CE,10,11,53025,NIFTY,18500.0,CE
101123071353026,NIFTY 23 Jul 13 18500 PE,14,50,0.05,0915-1530|1815-1915:,2023-07-06,2023-07-13,NSE:NIFTY2371318500PE,10,11,53026,NIFTY,18500.0,PE
101123071353028,NIFTY 23 Jul 13 18550 PE,14,50,0.05,0915-1530|1815-1915:,2023-07-06,2023-07-13,NSE:NIFTY2371318550PE,10,11,53028,NIFTY,18550.0,PE
101123071353027,NIFTY 23 Jul 13 18550 CE,14,50,0.05,0915-1530|1815-1915:,2023-07-06,2023-07-13,NSE:NIFTY2371318550CE,10,11,53027,NIFTY,18550.0,CE
101123071353030,NIFTY 23 Jul 13 18600 PE,14,50,0.05,0915-1530|1815-1915:,2023-07-06,2023-07-13,NSE:NIFTY2371318600PE,10,11,53030,NIFTY,18600.0,PE
101123071353029,NIFTY 23 Jul 13 18600 CE,14,50,0.05,0915-1530|1815-1915:,2023-07-06,2023-07-13,NSE:NIFTY2371318600CE,10,11,53029,NIFTY,18600.0,CE
101123071353031,NIFTY 23 Jul 13 18650 CE,14,50,0.05,0915-1530|1815-1915:,2023-07-06,2023-07-13,NSE:NIFTY2371318650CE,10,11,53031,NIFTY,18650.0,CE
101123071353032,NIFTY 23 Jul 13 18650 PE,14,50,0.05,0915-1530|1815-1915:,2023-07-06,2023-07-13,NSE:NIFTY2371318650PE,10,11,53032,NIFTY,18650.0,PE
101123071353033,NIFTY 23 Jul 13 18700 CE,14,50,0.05,0915-1530|1815-1915:,2023-07-06,2023-07-13,NSE:NIFTY2371318700CE,10,11,53033,NIFTY,18700.0,CE
101123071353034,NIFTY 23 Jul 13 18700 PE,14,50,0.05,0915-1530|1815-1915:,2023-07-06,2023-07-13,NSE:NIFTY2371318700PE,10,11,53034,NIFTY,18700.0,PE
101123071353035,NIFTY 23 Jul 13 18750 CE,14,50,0.05,0915-1530|1815-1915:,2023-07-06,2023-07-13,NSE:NIFTY2371318750CE,10,11,53035,NIFTY,18750.0,CE
101123071353036,NIFTY 23 Jul 13 18750 PE,14,50,0.05,0915-1530|1815-1915:,2023-07-06,2023-07-13,NSE:NIFTY2371318750PE,10,11,53036,NIFTY,18750.0,PE
101123071353037,NIFTY 23 Jul 13 18800 CE,14,50,0.05,0915-1530|1815-1915:,2023-07-06,2023-07-13,NSE:NIFTY2371318800CE,10,11,53037,NIFTY,18800.0,CE
101123071353038,NIFTY 23 Jul 13 18800 PE,14,50,0.05,0915-1530|1815-1915:,2023-07-06,2023-07-13,NSE:NIFTY2371318800PE,10,11,53038,NIFTY,18800.0,PE
101123071353043,NIFTY 23 Jul 13 18850 CE,14,50,0.05,0915-1530|1815-1915:,2023-07-06,2023-07-13,NSE:NIFTY2371318850CE,10,11,53043,NIFTY,18850.0,CE
101123071353044,NIFTY 23 Jul 13 18850 PE,14,50,0.05,0915-1530|1815-1915:,2023-07-06,2023-07-13,NSE:NIFTY2371318850PE,10,11,53044,NIFTY,18850.0,PE
101123071353046,NIFTY 23 Jul 13 18900 PE,14,50,0.05,0915-1530|1815-1915:,2023-07-06,2023-07-13,NSE:NIFTY2371318900PE,10,11,53046,NIFTY,18900.0,PE
101123071353045,NIFTY 23 Jul 13 18900 CE,14,50,0.05,0915-1530|1815-1915:,2023-07-06,2023-07-13,NSE:NIFTY2371318900CE,10,11,53045,NIFTY,18900.0,CE
101123071353048,NIFTY 23 Jul 13 18950 PE,14,50,0.05,0915-1530|1815-1915:,2023-07-06,2023-07-13,NSE:NIFTY2371318950PE,10,11,53048,NIFTY,18950.0,PE
101123071353047,NIFTY 23 Jul 13 18950 CE,14,50,0.05,0915-1530|1815-1915:,2023-07-06,2023-07-13,NSE:NIFTY2371318950CE,10,11,53047,NIFTY,18950.0,CE
101123071353055,NIFTY 23 Jul 13 19000 CE,14,50,0.05,0915-1530|1815-1915:,2023-07-06,2023-07-13,NSE:NIFTY2371319000CE,10,11,53055,NIFTY,19000.0,CE
101123071353056,NIFTY 23 Jul 13 19000 PE,14,50,0.05,0915-1530|1815-1915:,2023-07-06,2023-07-13,NSE:NIFTY2371319000PE,10,11,53056,NIFTY,19000.0,PE
101123071353057,NIFTY 23 Jul 13 19050 CE,14,50,0.05,0915-1530|1815-1915:,2023-07-06,2023-07-13,NSE:NIFTY2371319050CE,10,11,53057,NIFTY,19050.0,CE
101123071353058,NIFTY 23 Jul 13 19050 PE,14,50,0.05,0915-1530|1815-1915:,2023-07-06,2023-07-13,NSE:NIFTY2371319050PE,10,11,53058,NIFTY,19050.0,PE
101123071353059,NIFTY 23 Jul 13 19100 CE,14,50,0.05,0915-1530|1815-1915:,2023-07-06,2023-07-13,NSE:NIFTY2371319100CE,10,11,53059,NIFTY,19100.0,CE
101123071353060,NIFTY 23 Jul 13 19100 PE,14,50,0.05,0915-1530|1815-1915:,2023-07-06,2023-07-13,NSE:NIFTY2371319100PE,10,11,53060,NIFTY,19100.0,PE
101123071353061,NIFTY 23 Jul 13 19150 CE,14,50,0.05,0915-1530|1815-1915:,2023-07-06,2023-07-13,NSE:NIFTY2371319150CE,10,11,53061,NIFTY,19150.0,CE
101123071353062,NIFTY 23 Jul 13 19150 PE,14,50,0.05,0915-1530|1815-1915:,2023-07-06,2023-07-13,NSE:NIFTY2371319150PE,10,11,53062,NIFTY,19150.0,PE
101123071353064,NIFTY 23 Jul 13 19200 PE,14,50,0.05,0915-1530|1815-1915:,2023-07-06,2023-07-13,NSE:NIFTY2371319200PE,10,11,53064,NIFTY,19200.0,PE
101123071353063,NIFTY 23 Jul 13 19200 CE,14,50,0.05,0915-1530|1815-1915:,2023-07-06,2023-07-13,NSE:NIFTY2371319200CE,10,11,53063,NIFTY,19200.0,CE
101123071353071,NIFTY 23 Jul 13 19250 CE,14,50,0.05,0915-1530|1815-1915:,2023-07-06,2023-07-13,NSE:NIFTY2371319250CE,10,11,53071,NIFTY,19250.0,CE
101123071353072,NIFTY 23 Jul 13 19250 PE,14,50,0.05,0915-1530|1815-1915:,2023-07-06,2023-07-13,NSE:NIFTY2371319250PE,10,11,53072,NIFTY,19250.0,PE
101123071353073,NIFTY 23 Jul 13 19300 CE,14,50,0.05,0915-1530|1815-1915:,2023-07-06,2023-07-13,NSE:NIFTY2371319300CE,10,11,53073,NIFTY,19300.0,CE
101123071353074,NIFTY 23 Jul 13 19300 PE,14,50,0.05,0915-1530|1815-1915:,2023-07-06,2023-07-13,NSE:NIFTY2371319300PE,10,11,53074,NIFTY,19300.0,PE
101123071353075,NIFTY 23 Jul 13 19350 CE,14,50,0.05,0915-1530|1815-1915:,2023-07-06,2023-07-13,NSE:NIFTY2371319350CE,10,11,53075,NIFTY,19350.0,CE
101123071353076,NIFTY 23 Jul 13 19350 PE,14,50,0.05,0915-1530|1815-1915:,2023-07-06,2023-07-13,NSE:NIFTY2371319350PE,10,11,53076,NIFTY,19350.0,PE
101123071353080,NIFTY 23 Jul 13 19400 PE,14,50,0.05,0915-1530|1815-1915:,2023-07-06,2023-07-13,NSE:NIFTY2371319400PE,10,11,53080,NIFTY,19400.0,PE
101123071353079,NIFTY 23 Jul 13 19400 CE,14,50,0.05,0915-1530|1815-1915:,2023-07-06,2023-07-13,NSE:NIFTY2371319400CE,10,11,53079,NIFTY,19400.0,CE
101123071353081,NIFTY 23 Jul 13 19450 CE,14,50,0.05,0915-1530|1815-1915:,2023-07-06,2023-07-13,NSE:NIFTY2371319450CE,10,11,53081,NIFTY,19450.0,CE
101123071353082,NIFTY 23 Jul 13 19450 PE,14,50,0.05,0915-1530|1815-1915:,2023-07-06,2023-07-13,NSE:NIFTY2371319450PE,10,11,53082,NIFTY,19450.0,PE
101123071353083,NIFTY 23 Jul 13 19500 CE,14,50,0.05,0915-1530|1815-1915:,2023-07-06,2023-07-13,NSE:NIFTY2371319500CE,10,11,53083,NIFTY,19500.0,CE
101123071353084,NIFTY 23 Jul 13 19500 PE,14,50,0.05,0915-1530|1815-1915:,2023-07-06,2023-07-13,NSE:NIFTY2371319500PE,10,11,53084,NIFTY,19500.0,PE
101123071353088,NIFTY 23 Jul 13 19550 PE,14,50,0.05,0915-1530|1815-1915:,2023-07-06,2023-07-13,NSE:NIFTY2371319550PE,10,11,53088,NIFTY,19550.0,PE
101123071353087,NIFTY 23 Jul 13 19550 CE,14,50,0.05,0915-1530|1815-1915:,2023-07-06,2023-07-13,NSE:NIFTY2371319550CE,10,11,53087,NIFTY,19550.0,CE
101123071353089,NIFTY 23 Jul 13 19600 CE,14,50,0.05,0915-1530|1815-1915:,2023-07-06,2023-07-13,NSE:NIFTY2371319600CE,10,11,53089,NIFTY,19600.0,CE
101123071353092,NIFTY 23 Jul 13 19600 PE,14,50,0.05,0915-1530|1815-1915:,2023-07-06,2023-07-13,NSE:NIFTY2371319600PE,10,11,53092,NIFTY,19600.0,PE
101123071353093,NIFTY 23 Jul 13 19650 CE,14,50,0.05,0915-1530|1815-1915:,2023-07-06,2023-07-13,NSE:NIFTY2371319650CE,10,11,53093,NIFTY,19650.0,CE
101123071353094,NIFTY 23 Jul 13 19650 PE,14,50,0.05,0915-1530|1815-1915:,2023-07-06,2023-07-13,NSE:NIFTY2371319650PE,10,11,53094,NIFTY,19650.0,PE
101123071353095,NIFTY 23 Jul 13 19700 CE,14,50,0.05,0915-1530|1815-1915:,2023-07-06,2023-07-13,NSE:NIFTY2371319700CE,10,11,53095,NIFTY,19700.0,CE
101123071353096,NIFTY 23 Jul 13 19700 PE,14,50,0.05,0915-1530|1815-1915:,2023-07-06,2023-07-13,NSE:NIFTY2371319700PE,10,11,53096,NIFTY,19700.0,PE
101123071353103,NIFTY 23 Jul 13 19750 CE,14,50,0.05,0915-1530|1815-1915:,2023-07-06,2023-07-13,NSE:NIFTY2371319750CE,10,11,53103,NIFTY,19750.0,CE
101123071353104,NIFTY 23 Jul 13 19750 PE,14,50,0.05,0915-1530|1815-1915:,2023-07-06,2023-07-13,NSE:NIFTY2371319750PE,10,11,53104,NIFTY,19750.0,PE
101123071353106,NIFTY 23 Jul 13 19800 PE,14,50,0.05,0915-1530|1815-1915:,2023-07-06,2023-07-13,NSE:NIFTY2371319800PE,10,11,53106,NIFTY,19800.0,PE
101123071353105,NIFTY 23 Jul 13 19800 CE,14,50,0.05,0915-1530|1815-1915:,2023-07-06,2023-07-13,NSE:NIFTY2371319800CE,10,11,53105,NIFTY,19800.0,CE
101123071353110,NIFTY 23 Jul 13 19850 PE,14,50,0.05,0915-1530|1815-1915:,2023-07-06,2023-07-13,NSE:NIFTY2371319850PE,10,11,53110,NIFTY,19850.0,PE
101123071353109,NIFTY 23 Jul 13 19850 CE,14,50,0.05,0915-1530|1815-1915:,2023-07-06,2023-07-13,NSE:NIFTY2371319850CE,10,11,53109,NIFTY,19850.0,CE
101123071353112,NIFTY 23 Jul 13 19900 PE,14,50,0.05,0915-1530|1815-1915:,2023-07-06,2023-07-13,NSE:NIFTY2371319900PE,10,11,53112,NIFTY,19900.0,PE
101123071353111,NIFTY 23 Jul 13 19900 CE,14,50,0.05,0915-1530|1815-1915:,2023-07-06,2023-07-13,NSE:NIFTY2371319900CE,10,11,53111,NIFTY,19900.0,CE
101123071353115,NIFTY 23 Jul 13 19950 CE,14,50,0.05,0915-1530|1815-1915:,2023-07-06,2023-07-13,NSE:NIFTY2371319950CE,10,11,53115,NIFTY,19950.0,CE
101123071353116,NIFTY 23 Jul 13 19950 PE,14,50,0.05,0915-1530|1815-1915:,2023-07-06,2023-07-13,NSE:NIFTY2371319950PE,10,11,53116,NIFTY,19950.0,PE
101123071353117,NIFTY 23 Jul 13 20000 CE,14,50,0.05,0915-1530|1815-1915:,2023-07-06,2023-07-13,NSE:NIFTY2371320000CE,10,11,53117,NIFTY,20000.0,CE
101123071353120,NIFTY 23 Jul 13 20000 PE,14,50,0.05,0915-1530|1815-1915:,2023-07-06,2023-07-13,NSE:NIFTY2371320000PE,10,11,53120,NIFTY,20000.0,PE
101123071353123,NIFTY 23 Jul 13 20050 CE,14,50,0.05,0915-1530|1815-1915:,2023-07-06,2023-07-13,NSE:NIFTY2371320050CE,10,11,53123,NIFTY,20050.0,CE
101123071353124,NIFTY 23 Jul 13 20050 PE,14,50,0.05,0915-1530|1815-1915:,2023-07-06,2023-07-13,NSE:NIFTY2371320050PE,10,11,53124,NIFTY,20050.0,PE
101123071353126,NIFTY 23 Jul 13 20100 PE,14,50,0.05,0915-1530|1815-1915:,2023-07-06,2023-07-13,NSE:NIFTY2371320100PE,10,11,53126,NIFTY,20100.0,PE
101123071353125,NIFTY 23 Jul 13 20100 CE,14,50,0.05,0915-1530|1815-1915:,2023-07-06,2023-07-13,NSE:NIFTY2371320100CE,10,11,53125,NIFTY,20100.0,CE
101123071353130,NIFTY 23 Jul 13 20150 PE,14,50,0.05,0915-1530|1815-1915:,2023-07-06,2023-07-13,NSE:NIFTY2371320150PE,10,11,53130,NIFTY,20150.0,PE
101123071353129,NIFTY 23 Jul 13 20150 CE,14,50,0.05,0915-1530|1815-1915:,2023-07-06,2023-07-13,NSE:NIFTY2371320150CE,10,11,53129,NIFTY,20150.0,CE
101123071353131,NIFTY 23 Jul 13 20200 CE,14,50,0.05,0915-1530|1815-1915:,2023-07-06,2023-07-13,NSE:NIFTY2371320200CE,10,11,53131,NIFTY,20200.0,CE
101123071353132,NIFTY 23 Jul 13 20200 PE,14,50,0.05,0915-1530|1815-1915:,2023-07-06,2023-07-13,NSE:NIFTY2371320200PE,10,11,53132,NIFTY,20200.0,PE
101123071353133,NIFTY 23 Jul 13 20250 CE,14,50,0.05,0915-1530|1815-1915:,2023-07-06,2023-07-13,NSE:NIFTY2371320250CE,10,11,53133,NIFTY,20250.0,CE
101123071353183,NIFTY 23 Jul 13 20250 PE,14,50,0.05,0915-1530|1815-1915:,2023-07-06,2023-07-13,NSE:NIFTY2371320250PE,10,11,53183,NIFTY,20250.0,PE
101123071353184,NIFTY 23 Jul 13 20300 CE,14,50,0.05,0915-1530|1815-1915:,2023-07-06,2023-07-13,NSE:NIFTY2371320300CE,10,11,53184,NIFTY,20300.0,CE
101123071353185,NIFTY 23 Jul 13 20300 PE,14,50,0.05,0915-1530|1815-1915:,2023-07-06,2023-07-13,NSE:NIFTY2371320300PE,10,11,53185,NIFTY,20300.0,PE
101123071353192,NIFTY 23 Jul 13 20350 PE,14,50,0.05,0915-1530|1815-1915:,2023-07-06,2023-07-13,NSE:NIFTY2371320350PE,10,11,53192,NIFTY,20350.0,PE
101123071353186,NIFTY 23 Jul 13 20350 CE,14,50,0.05,0915-1530|1815-1915:,2023-07-06,2023-07-13,NSE:NIFTY2371320350CE,10,11,53186,NIFTY,20350.0,CE
101123071353193,NIFTY 23 Jul 13 20400 CE,14,50,0.05,0915-1530|1815-1915:,2023-07-06,2023-07-13,NSE:NIFTY2371320400CE,10,11,53193,NIFTY,20400.0,CE
101123071353194,NIFTY 23 Jul 13 20400 PE,14,50,0.05,0915-1530|1815-1915:,2023-07-06,2023-07-13,NSE:NIFTY2371320400PE,10,11,53194,NIFTY,20400.0,PE
101123071353195,NIFTY 23 Jul 13 20450 CE,14,50,0.05,0915-1530|1815-1915:,2023-07-06,2023-07-13,NSE:NIFTY2371320450CE,10,11,53195,NIFTY,20450.0,CE
101123071353196,NIFTY 23 Jul 13 20450 PE,14,50,0.05,0915-1530|1815-1915:,2023-07-06,2023-07-13,NSE:NIFTY2371320450PE,10,11,53196,NIFTY,20450.0,PE
101123071353198,NIFTY 23 Jul 13 20500 PE,14,50,0.05,0915-1530|1815-1915:,2023-07-06,2023-07-13,NSE:NIFTY2371320500PE,10,11,53198,NIFTY,20500.0,PE
101123071353197,NIFTY 23 Jul 13 20500 CE,14,50,0.05,0915-1530|1815-1915:,2023-07-06,2023-07-13,NSE:NIFTY2371320500CE,10,11,53197,NIFTY,20500.0,CE
101123071353199,NIFTY 23 Jul 13 20550 CE,14,50,0.05,0915-1530|1815-1915:,2023-07-06,2023-07-13,NSE:NIFTY2371320550CE,10,11,53199,NIFTY,20550.0,CE
101123071353202,NIFTY 23 Jul 13 20550 PE,14,50,0.05,0915-1530|1815-1915:,2023-07-06,2023-07-13,NSE:NIFTY2371320550PE,10,11,53202,NIFTY,20550.0,PE
101123071353204,NIFTY 23 Jul 13 20600 PE,14,50,0.05,0915-1530|1815-1915:,2023-07-06,2023-07-13,NSE:NIFTY2371320600PE,10,11,53204,NIFTY,20600.0,PE
101123071353203,NIFTY 23 Jul 13 20600 CE,14,50,0.05,0915-1530|1815-1915:,2023-07-06,2023-07-13,NSE:NIFTY2371320600CE,10,11,53203,NIFTY,20600.0,CE
101123071353206,NIFTY 23 Jul 13 20650 PE,14,50,0.05,0915-1530|1815-1915:,2023-07-06,2023-07-13,NSE:NIFTY2371320650PE,10,11,53206,NIFTY,20650.0,PE
101123071353205,NIFTY 23 Jul 13 20650 CE,14,50,0.05,0915-1530|1815-1915:,2023-07-06,2023-07-13,NSE:NIFTY2371320650CE,10,11,53205,NIFTY,20650.0,CE
101123071353208,NIFTY 23 Jul 13 20700 CE,14,50,0.05,0915-1530|1815-1915:,2023-07-06,2023-07-13,NSE:NIFTY2371320700CE,10,11,53208,NIFTY,20700.0,CE
101123071353209,NIFTY 23 Jul 13 20700 PE,14,50,0.05,0915-1530|1815-1915:,2023-07-06,2023-07-13,NSE:NIFTY2371320700PE,10,11,53209,NIFTY,20700.0,PE
101123071353214,NIFTY 23 Jul 13 20750 CE,14,50,0.05,0915-1530|1815-1915:,2023-07-06,2023-07-13,NSE:NIFTY2371320750CE,10,11,53214,NIFTY,20750.0,CE
101123071353215,NIFTY 23 Jul 13 20750 PE,14,50,0.05,0915-1530|1815-1915:,2023-07-06,2023-07-13,NSE:NIFTY2371320750PE,10,11,53215,NIFTY,20750.0,PE
101123071353216,NIFTY 23 Jul 13 20800 CE,14,50,0.05,0915-1530|1815-1915:,2023-07-06,2023-07-13,NSE:NIFTY2371320800CE,10,11,53216,NIFTY,20800.0,CE
101123071353217,NIFTY 23 Jul 13 20800 PE,14,50,0.05,0915-1530|1815-1915:,2023-07-06,2023-07-13,NSE:NIFTY2371320800PE,10,11,53217,NIFTY,20800.0,PE
101123071353218,NIFTY 23 Jul 13 20850 CE,14,50,0.05,0915-1530|1815-1915:,2023-07-06,2023-07-13,NSE:NIFTY2371320850CE,10,11,53218,NIFTY,20850.0,CE
101123071353241,NIFTY 23 Jul 13 20850 PE,14,50,0.05,0915-1530|1815-1915:,2023-07-06,2023-07-13,NSE:NIFTY2371320850PE,10,11,53241,NIFTY,20850.0,PE
101123071353259,NIFTY 23 Jul 13 20900 PE,14,50,0.05,0915-1530|1815-1915:,2023-07-06,2023-07-13,NSE:NIFTY2371320900PE,10,11,53259,NIFTY,20900.0,PE
101123071353258,NIFTY 23 Jul 13 20900 CE,14,50,0.05,0915-1530|1815-1915:,2023-07-06,2023-07-13,NSE:NIFTY2371320900CE,10,11,53258,NIFTY,20900.0,CE
101123071353269,NIFTY 23 Jul 13 20950 PE,14,50,0.05,0915-1530|1815-1915:,2023-07-06,2023-07-13,NSE:NIFTY2371320950PE,10,11,53269,NIFTY,20950.0,PE
101123071353268,NIFTY 23 Jul 13 20950 CE,14,50,0.05,0915-1530|1815-1915:,2023-07-06,2023-07-13,NSE:NIFTY2371320950CE,10,11,53268,NIFTY,20950.0,CE
101123071353272,NIFTY 23 Jul 13 21000 CE,14,50,0.05,0915-1530|1815-1915:,2023-07-06,2023-07-13,NSE:NIFTY2371321000CE,10,11,53272,NIFTY,21000.0,CE
101123071353291,NIFTY 23 Jul 13 21000 PE,14,50,0.05,0915-1530|1815-1915:,2023-07-06,2023-07-13,NSE:NIFTY2371321000PE,10,11,53291,NIFTY,21000.0,PE
101123071353293,NIFTY 23 Jul 13 21050 PE,14,50,0.05,0915-1530|1815-1915:,2023-07-06,2023-07-13,NSE:NIFTY2371321050PE,10,11,53293,NIFTY,21050.0,PE
101123071353292,NIFTY 23 Jul 13 21050 CE,14,50,0.05,0915-1530|1815-1915:,2023-07-06,2023-07-13,NSE:NIFTY2371321050CE,10,11,53292,NIFTY,21050.0,CE
101123071353294,NIFTY 23 Jul 13 21100 CE,14,50,0.05,0915-1530|1815-1915:,2023-07-06,2023-07-13,NSE:NIFTY2371321100CE,10,11,53294,NIFTY,21100.0,CE
101123071353307,NIFTY 23 Jul 13 21100 PE,14,50,0.05,0915-1530|1815-1915:,2023-07-06,2023-07-13,NSE:NIFTY2371321100PE,10,11,53307,NIFTY,21100.0,PE
101123071354141,NIFTY 23 Jul 13 21150 CE,14,50,0.05,0915-1530|1815-1915:,2023-07-06,2023-07-13,NSE:NIFTY2371321150CE,10,11,54141,NIFTY,21150.0,CE
101123071354142,NIFTY 23 Jul 13 21150 PE,14,50,0.05,0915-1530|1815-1915:,2023-07-06,2023-07-13,NSE:NIFTY2371321150PE,10,11,54142,NIFTY,21150.0,PE
101123071354143,NIFTY 23 Jul 13 21200 CE,14,50,0.05,0915-1530|1815-1915:,2023-07-06,2023-07-13,NSE:NIFTY2371321200CE,10,11,54143,NIFTY,21200.0,CE
101123071354144,NIFTY 23 Jul 13 21200 PE,14,50,0.05,0915-1530|1815-1915:,2023-07-06,2023-07-13,NSE:NIFTY2371321200PE,10,11,54144,NIFTY,21200.0,PE
101123071354145,NIFTY 23 Jul 13 21250 CE,14,50,0.05,0915-1530|1815-1915:,2023-07-06,2023-07-13,NSE:NIFTY2371321250CE,10,11,54145,NIFTY,21250.0,CE
101123071354146,NIFTY 23 Jul 13 21250 PE,14,50,0.05,0915-1530|1815-1915:,2023-07-06,2023-07-13,NSE:NIFTY2371321250PE,10,11,54146,NIFTY,21250.0,PE
101123071354161,NIFTY 23 Jul 13 21300 CE,14,50,0.05,0915-1530|1815-1915:,2023-07-06,2023-07-13,NSE:NIFTY2371321300CE,10,11,54161,NIFTY,21300.0,CE
101123071354162,NIFTY 23 Jul 13 21300 PE,14,50,0.05,0915-1530|1815-1915:,2023-07-06,2023-07-13,NSE:NIFTY2371321300PE,10,11,54162,NIFTY,21300.0,PE
101123071354168,NIFTY 23 Jul 13 21350 PE,14,50,0.05,0915-1530|1815-1915:,2023-07-06,2023-07-13,NSE:NIFTY2371321350PE,10,11,54168,NIFTY,21350.0,PE
101123071354167,NIFTY 23 Jul 13 21350 CE,14,50,0.05,0915-1530|1815-1915:,2023-07-06,2023-07-13,NSE:NIFTY2371321350CE,10,11,54167,NIFTY,21350.0,CE
101123071354170,NIFTY 23 Jul 13 21400 PE,14,50,0.05,0915-1530|1815-1915:,2023-07-06,2023-07-13,NSE:NIFTY2371321400PE,10,11,54170,NIFTY,21400.0,PE
101123071354169,NIFTY 23 Jul 13 21400 CE,14,50,0.05,0915-1530|1815-1915:,2023-07-06,2023-07-13,NSE:NIFTY2371321400CE,10,11,54169,NIFTY,21400.0,CE
101123071354173,NIFTY 23 Jul 13 21450 CE,14,50,0.05,0915-1530|1815-1915:,2023-07-06,2023-07-13,NSE:NIFTY2371321450CE,10,11,54173,NIFTY,21450.0,CE
101123071354174,NIFTY 23 Jul 13 21450 PE,14,50,0.05,0915-1530|1815-1915:,2023-07-06,2023-07-13,NSE:NIFTY2371321450PE,10,11,54174,NIFTY,21450.0,PE
101123071354175,NIFTY 23 Jul 13 21500 CE,14,50,0.05,0915-1530|1815-1915:,2023-07-06,2023-07-13,NSE:NIFTY2371321500CE,10,11,54175,NIFTY,21500.0,CE
101123071354176,NIFTY 23 Jul 13 21500 PE,14,50,0.05,0915-1530|1815-1915:,2023-07-06,2023-07-13,NSE:NIFTY2371321500PE,10,11,54176,NIFTY,21500.0,PE
101123071354179,NIFTY 23 Jul 13 21550 CE,14,50,0.05,0915-1530|1815-1915:,2023-07-06,2023-07-13,NSE:NIFTY2371321550CE,10,11,54179,NIFTY,21550.0,CE
101123071354180,NIFTY 23 Jul 13 21550 PE,14,50,0.05,0915-1530|1815-1915:,2023-07-06,2023-07-13,NSE:NIFTY2371321550PE,10,11,54180,NIFTY,21550.0,PE
101123071354187,NIFTY 23 Jul 13 21600 CE,14,50,0.05,0915-1530|1815-1915:,2023-07-06,2023-07-13,NSE:NIFTY2371321600CE,10,11,54187,NIFTY,21600.0,CE
101123071354188,NIFTY 23 Jul 13 21600 PE,14,50,0.05,0915-1530|1815-1915:,2023-07-06,2023-07-13,NSE:NIFTY2371321600PE,10,11,54188,NIFTY,21600.0,PE
101123071354192,NIFTY 23 Jul 13 21650 PE,14,50,0.05,0915-1530|1815-1915:,2023-07-06,2023-07-13,NSE:NIFTY2371321650PE,10,11,54192,NIFTY,21650.0,PE
101123071354191,NIFTY 23 Jul 13 21650 CE,14,50,0.05,0915-1530|1815-1915:,2023-07-06,2023-07-13,NSE:NIFTY2371321650CE,10,11,54191,NIFTY,21650.0,CE
101123071358338,NIFTY 23 Jul 13 21700 CE,14,50,0.05,0915-1530|1815-1915:,2023-07-06,2023-07-13,NSE:NIFTY2371321700CE,10,11,58338,NIFTY,21700.0,CE
101123071358339,NIFTY 23 Jul 13 21700 PE,14,50,0.05,0915-1530|1815-1915:,2023-07-06,2023-07-13,NSE:NIFTY2371321700PE,10,11,58339,NIFTY,21700.0,PE
101123071351058,NIFTY 23 Jul 13 21750 PE,14,50,0.05,0915-1530|1815-1915:,2023-07-06,2023-07-13,NSE:NIFTY2371321750PE,10,11,51058,NIFTY,21750.0,PE
101123071351057,NIFTY 23 Jul 13 21750 CE,14,50,0.05,0915-1530|1815-1915:,2023-07-06,2023-07-13,NSE:NIFTY2371321750CE,10,11,51057,NIFTY,21750.0,CE
101123071337318,NIFTY 23 Jul 13 21800 CE,14,50,0.05,0915-1530|1815-1915:,2023-07-06,2023-07-13,NSE:NIFTY2371321800CE,10,11,37318,NIFTY,21800.0,CE
101123071337319,NIFTY 23 Jul 13 21800 PE,14,50,0.05,0915-1530|1815-1915:,2023-07-06,2023-07-13,NSE:NIFTY2371321800PE,10,11,37319,NIFTY,21800.0,PE
101123071337320,NIFTY 23 Jul 13 21850 CE,14,50,0.05,0915-1530|1815-1915:,2023-07-06,2023-07-13,NSE:NIFTY2371321850CE,10,11,37320,NIFTY,21850.0,CE
101123071337321,NIFTY 23 Jul 13 21850 PE,14,50,0.05,0915-1530|1815-1915:,2023-07-06,2023-07-13,NSE:NIFTY2371321850PE,10,11,37321,NIFTY,21850.0,PE
101123071359596,NIFTY 23 Jul 13 21900 CE,14,50,0.05,0915-1530|1815-1915:,2023-07-06,2023-07-13,NSE:NIFTY2371321900CE,10,11,59596,NIFTY,21900.0,CE
101123071359601,NIFTY 23 Jul 13 21900 PE,14,50,0.05,0915-1530|1815-1915:,2023-07-06,2023-07-13,NSE:NIFTY2371321900PE,10,11,59601,NIFTY,21900.0,PE
101123071359605,NIFTY 23 Jul 13 21950 PE,14,50,0.05,0915-1530|1815-1915:,2023-07-06,2023-07-13,NSE:NIFTY2371321950PE,10,11,59605,NIFTY,21950.0,PE
101123071359602,NIFTY 23 Jul 13 21950 CE,14,50,0.05,0915-1530|1815-1915:,2023-07-06,2023-07-13,NSE:NIFTY2371321950CE,10,11,59602,NIFTY,21950.0,CE
101123071335346,NIFTY 23 Jul 13 22000 CE,14,50,0.05,0915-1530|1815-1915:,2023-07-06,2023-07-13,NSE:NIFTY2371322000CE,10,11,35346,NIFTY,22000.0,CE
101123071335347,NIFTY 23 Jul 13 22000 PE,14,50,0.05,0915-1530|1815-1915:,2023-07-06,2023-07-13,NSE:NIFTY2371322000PE,10,11,35347,NIFTY,22000.0,PE
101123071335352,NIFTY 23 Jul 13 22050 CE,14,50,0.05,0915-1530|1815-1915:,2023-07-06,2023-07-13,NSE:NIFTY2371322050CE,10,11,35352,NIFTY,22050.0,CE
101123071335353,NIFTY 23 Jul 13 22050 PE,14,50,0.05,0915-1530|1815-1915:,2023-07-06,2023-07-13,NSE:NIFTY2371322050PE,10,11,35353,NIFTY,22050.0,PE
101123071335357,NIFTY 23 Jul 13 22100 PE,14,50,0.05,0915-1530|1815-1915:,2023-07-06,2023-07-13,NSE:NIFTY2371322100PE,10,11,35357,NIFTY,22100.0,PE
101123071335356,NIFTY 23 Jul 13 22100 CE,14,50,0.05,0915-1530|1815-1915:,2023-07-06,2023-07-13,NSE:NIFTY2371322100CE,10,11,35356,NIFTY,22100.0,CE
101123071335362,NIFTY 23 Jul 13 22150 PE,14,50,0.05,0915-1530|1815-1915:,2023-07-06,2023-07-13,NSE:NIFTY2371322150PE,10,11,35362,NIFTY,22150.0,PE
101123071335361,NIFTY 23 Jul 13 22150 CE,14,50,0.05,0915-1530|1815-1915:,2023-07-06,2023-07-13,NSE:NIFTY2371322150CE,10,11,35361,NIFTY,22150.0,CE
101123071335365,NIFTY 23 Jul 13 22200 PE,14,50,0.05,0915-1530|1815-1915:,2023-07-06,2023-07-13,NSE:NIFTY2371322200PE,10,11,35365,NIFTY,22200.0,PE
101123071335364,NIFTY 23 Jul 13 22200 CE,14,50,0.05,0915-1530|1815-1915:,2023-07-06,2023-07-13,NSE:NIFTY2371322200CE,10,11,35364,NIFTY,22200.0,CE
101123071340073,NIFTY 23 Jul 13 22250 PE,14,50,0.05,0915-1530|1815-1915:,2023-07-06,2023-07-13,NSE:NIFTY2371322250PE,10,11,40073,NIFTY,22250.0,PE
101123071340072,NIFTY 23 Jul 13 22250 CE,14,50,0.05,0915-1530|1815-1915:,2023-07-06,2023-07-13,NSE:NIFTY2371322250CE,10,11,40072,NIFTY,22250.0,CE
101123071340074,NIFTY 23 Jul 13 22300 CE,14,50,0.05,0915-1530|1815-1915:,2023-07-06,2023-07-13,NSE:NIFTY2371322300CE,10,11,40074,NIFTY,22300.0,CE
101123071340075,NIFTY 23 Jul 13 22300 PE,14,50,0.05,0915-1530|1815-1915:,2023-07-06,2023-07-13,NSE:NIFTY2371322300PE,10,11,40075,NIFTY,22300.0,PE
101123071342366,NIFTY 23 Jul 13 22350 CE,14,50,0.05,0915-1530|1815-1915:,2023-07-06,2023-07-13,NSE:NIFTY2371322350CE,10,11,42366,NIFTY,22350.0,CE
101123071342367,NIFTY 23 Jul 13 22350 PE,14,50,0.05,0915-1530|1815-1915:,2023-07-06,2023-07-13,NSE:NIFTY2371322350PE,10,11,42367,NIFTY,22350.0,PE
101123071342374,NIFTY 23 Jul 13 22400 PE,14,50,0.05,0915-1530|1815-1915:,2023-07-06,2023-07-13,NSE:NIFTY2371322400PE,10,11,42374,NIFTY,22400.0,PE
101123071342373,NIFTY 23 Jul 13 22400 CE,14,50,0.05,0915-1530|1815-1915:,2023-07-06,2023-07-13,NSE:NIFTY2371322400CE,10,11,42373,NIFTY,22400.0,CE
101123071347603,NIFTY 23 Jul 13 22450 PE,14,50,0.05,0915-1530|1815-1915:,2023-07-06,2023-07-13,NSE:NIFTY2371322450PE,10,11,47603,NIFTY,22450.0,PE
101123071347598,NIFTY 23 Jul 13 22450 CE,14,50,0.05,0915-1530|1815-1915:,2023-07-06,2023-07-13,NSE:NIFTY2371322450CE,10,11,47598,NIFTY,22450.0,CE
101123071347607,NIFTY 23 Jul 13 22500 PE,14,50,0.05,0915-1530|1815-1915:,2023-07-06,2023-07-13,NSE:NIFTY2371322500PE,10,11,47607,NIFTY,22500.0,PE
101123071347604,NIFTY 23 Jul 13 22500 CE,14,50,0.05,0915-1530|1815-1915:,2023-07-06,2023-07-13,NSE:NIFTY2371322500CE,10,11,47604,NIFTY,22500.0,CE
101123071335719,BANKNIFTY 23 Jul 13 31500 PE,14,25,0.05,0915-1530|1815-1915:,2023-07-06,2023-07-13,NSE:BANKNIFTY2371331500PE,10,11,35719,BANKNIFTY,31500.0,PE
101123071335718,BANKNIFTY 23 Jul 13 31500 CE,14,25,0.05,0915-1530|1815-1915:,2023-07-06,2023-07-13,NSE:BANKNIFTY2371331500CE,10,11,35718,BANKNIFTY,31500.0,CE
101123071335008,BANKNIFTY 23 Jul 13 32000 CE,14,25,0.05,0915-1530|1815-1915:,2023-07-06,2023-07-13,NSE:BANKNIFTY2371332000CE,10,11,35008,BANKNIFTY,32000.0,CE
101123071335009,BANKNIFTY 23 Jul 13 32000 PE,14,25,0.05,0915-1530|1815-1915:,2023-07-06,2023-07-13,NSE:BANKNIFTY2371332000PE,10,11,35009,BANKNIFTY,32000.0,PE
101123071335045,BANKNIFTY 23 Jul 13 32500 CE,14,25,0.05,0915-1530|1815-1915:,2023-07-06,2023-07-13,NSE:BANKNIFTY2371332500CE,10,11,35045,BANKNIFTY,32500.0,CE
101123071335050,BANKNIFTY 23 Jul 13 32500 PE,14,25,0.05,0915-1530|1815-1915:,2023-07-06,2023-07-13,NSE:BANKNIFTY2371332500PE,10,11,35050,BANKNIFTY,32500.0,PE
101123071335054,BANKNIFTY 23 Jul 13 33000 CE,14,25,0.05,0915-1530|1815-1915:,2023-07-06,2023-07-13,NSE:BANKNIFTY2371333000CE,10,11,35054,BANKNIFTY,33000.0,CE
101123071335055,BANKNIFTY 23 Jul 13 33000 PE,14,25,0.05,0915-1530|1815-1915:,2023-07-06,2023-07-13,NSE:BANKNIFTY2371333000PE,10,11,35055,BANKNIFTY,33000.0,PE
101123071335119,BANKNIFTY 23 Jul 13 33500 CE,14,25,0.05,0915-1530|1815-1915:,2023-07-06,2023-07-13,NSE:BANKNIFTY2371333500CE,10,11,35119,BANKNIFTY,33500.0,CE
101123071335120,BANKNIFTY 23 Jul 13 33500 PE,14,25,0.05,0915-1530|1815-1915:,2023-07-06,2023-07-13,NSE:BANKNIFTY2371333500PE,10,11,35120,BANKNIFTY,33500.0,PE
101123071335121,BANKNIFTY 23 Jul 13 34000 CE,14,25,0.05,0915-1530|1815-1915:,2023-07-06,2023-07-13,NSE:BANKNIFTY2371334000CE,10,11,35121,BANKNIFTY,34000.0,CE
101123071335122,BANKNIFTY 23 Jul 13 34000 PE,14,25,0.05,0915-1530|1815-1915:,2023-07-06,2023-07-13,NSE:BANKNIFTY2371334000PE,10,11,35122,BANKNIFTY,34000.0,PE
101123071335159,BANKNIFTY 23 Jul 13 34500 CE,14,25,0.05,0915-1530|1815-1915:,2023-07-06,2023-07-13,NSE:BANKNIFTY2371334500CE,10,11,35159,BANKNIFTY,34500.0,CE
101123071335160,BANKNIFTY 23 Jul 13 34500 PE,14,25,0.05,0915-1530|1815-1915:,2023-07-06,2023-07-13,NSE:BANKNIFTY2371334500PE,10,11,35160,BANKNIFTY,34500.0,PE
101123071335167,BANKNIFTY 23 Jul 13 35000 CE,14,25,0.05,0915-1530|1815-1915:,2023-07-06,2023-07-13,NSE:BANKNIFTY2371335000CE,10,11,35167,BANKNIFTY,35000.0,CE
101123071335168,BANKNIFTY 23 Jul 13 35000 PE,14,25,0.05,0915-1530|1815-1915:,2023-07-06,2023-07-13,NSE:BANKNIFTY2371335000PE,10,11,35168,BANKNIFTY,35000.0,PE
101123071335171,BANKNIFTY 23 Jul 13 35500 CE,14,25,0.05,0915-1530|1815-1915:,2023-07-06,2023-07-13,NSE:BANKNIFTY2371335500CE,10,11,35171,BANKNIFTY,35500.0,CE
101123071335173,BANKNIFTY 23 Jul 13 35500 PE,14,25,0.05,0915-1530|1815-1915:,2023-07-06,2023-07-13,NSE:BANKNIFTY2371335500PE,10,11,35173,BANKNIFTY,35500.0,PE
101123071335174,BANKNIFTY 23 Jul 13 36000 CE,14,25,0.05,0915-1530|1815-1915:,2023-07-06,2023-07-13,NSE:BANKNIFTY2371336000CE,10,11,35174,BANKNIFTY,36000.0,CE
101123071335185,BANKNIFTY 23 Jul 13 36000 PE,14,25,0.05,0915-1530|1815-1915:,2023-07-06,2023-07-13,NSE:BANKNIFTY2371336000PE,10,11,35185,BANKNIFTY,36000.0,PE
101123071335217,BANKNIFTY 23 Jul 13 36500 CE,14,25,0.05,0915-1530|1815-1915:,2023-07-06,2023-07-13,NSE:BANKNIFTY2371336500CE,10,11,35217,BANKNIFTY,36500.0,CE
101123071335218,BANKNIFTY 23 Jul 13 36500 PE,14,25,0.05,0915-1530|1815-1915:,2023-07-06,2023-07-13,NSE:BANKNIFTY2371336500PE,10,11,35218,BANKNIFTY,36500.0,PE
101123071335219,BANKNIFTY 23 Jul 13 37000 CE,14,25,0.05,0915-1530|1815-1915:,2023-07-06,2023-07-13,NSE:BANKNIFTY2371337000CE,10,11,35219,BANKNIFTY,37000.0,CE
101123071335220,BANKNIFTY 23 Jul 13 37000 PE,14,25,0.05,0915-1530|1815-1915:,2023-07-06,2023-07-13,NSE:BANKNIFTY2371337000PE,10,11,35220,BANKNIFTY,37000.0,PE
101123071335231,BANKNIFTY 23 Jul 13 37500 PE,14,25,0.05,0915-1530|1815-1915:,2023-07-06,2023-07-13,NSE:BANKNIFTY2371337500PE,10,11,35231,BANKNIFTY,37500.0,PE
101123071335229,BANKNIFTY 23 Jul 13 37500 CE,14,25,0.05,0915-1530|1815-1915:,2023-07-06,2023-07-13,NSE:BANKNIFTY2371337500CE,10,11,35229,BANKNIFTY,37500.0,CE
101123071335237,BANKNIFTY 23 Jul 13 38000 PE,14,25,0.05,0915-1530|1815-1915:,2023-07-06,2023-07-13,NSE:BANKNIFTY2371338000PE,10,11,35237,BANKNIFTY,38000.0,PE
101123071335235,BANKNIFTY 23 Jul 13 38000 CE,14,25,0.05,0915-1530|1815-1915:,2023-07-06,2023-07-13,NSE:BANKNIFTY2371338000CE,10,11,35235,BANKNIFTY,38000.0,CE
101123071336153,BANKNIFTY 23 Jul 13 38400 PE,14,25,0.05,0915-1530|1815-1915:,2023-07-06,2023-07-13,NSE:BANKNIFTY2371338400PE,10,11,36153,BANKNIFTY,38400.0,PE
101123071336152,BANKNIFTY 23 Jul 13 38400 CE,14,25,0.05,0915-1530|1815-1915:,2023-07-06,2023-07-13,NSE:BANKNIFTY2371338400CE,10,11,36152,BANKNIFTY,38400.0,CE
101123071335263,BANKNIFTY 23 Jul 13 38500 PE,14,25,0.05,0915-1530|1815-1915:,2023-07-06,2023-07-13,NSE:BANKNIFTY2371338500PE,10,11,35263,BANKNIFTY,38500.0,PE
101123071335262,BANKNIFTY 23 Jul 13 38500 CE,14,25,0.05,0915-1530|1815-1915:,2023-07-06,2023-07-13,NSE:BANKNIFTY2371338500CE,10,11,35262,BANKNIFTY,38500.0,CE
101123071336155,BANKNIFTY 23 Jul 13 38600 PE,14,25,0.05,0915-1530|1815-1915:,2023-07-06,2023-07-13,NSE:BANKNIFTY2371338600PE,10,11,36155,BANKNIFTY,38600.0,PE
101123071336154,BANKNIFTY 23 Jul 13 38600 CE,14,25,0.05,0915-1530|1815-1915:,2023-07-06,2023-07-13,NSE:BANKNIFTY2371338600CE,10,11,36154,BANKNIFTY,38600.0,CE
101123071336430,BANKNIFTY 23 Jul 13 38700 PE,14,25,0.05,0915-1530|1815-1915:,2023-07-06,2023-07-13,NSE:BANKNIFTY2371338700PE,10,11,36430,BANKNIFTY,38700.0,PE
101123071336429,BANKNIFTY 23 Jul 13 38700 CE,14,25,0.05,0915-1530|1815-1915:,2023-07-06,2023-07-13,NSE:BANKNIFTY2371338700CE,10,11,36429,BANKNIFTY,38700.0,CE
101123071336432,BANKNIFTY 23 Jul 13 38800 PE,14,25,0.05,0915-1530|1815-1915:,2023-07-06,2023-07-13,NSE:BANKNIFTY2371338800PE,10,11,36432,BANKNIFTY,38800.0,PE
101123071336431,BANKNIFTY 23 Jul 13 38800 CE,14,25,0.05,0915-1530|1815-1915:,2023-07-06,2023-07-13,NSE:BANKNIFTY2371338800CE,10,11,36431,BANKNIFTY,38800.0,CE
101123071335888,BANKNIFTY 23 Jul 13 38900 CE,14,25,0.05,0915-1530|1815-1915:,2023-07-06,2023-07-13,NSE:BANKNIFTY2371338900CE,10,11,35888,BANKNIFTY,38900.0,CE
101123071335889,BANKNIFTY 23 Jul 13 38900 PE,14,25,0.05,0915-1530|1815-1915:,2023-07-06,2023-07-13,NSE:BANKNIFTY2371338900PE,10,11,35889,BANKNIFTY,38900.0,PE
101123071336780,BANKNIFTY 23 Jul 13 39000 PE,14,25,0.05,0915-1530|1815-1915:,2023-07-06,2023-07-13,NSE:BANKNIFTY2371339000PE,10,11,36780,BANKNIFTY,39000.0,PE
101123071336775,BANKNIFTY 23 Jul 13 39000 CE,14,25,0.05,0915-1530|1815-1915:,2023-07-06,2023-07-13,NSE:BANKNIFTY2371339000CE,10,11,36775,BANKNIFTY,39000.0,CE
101123071336789,BANKNIFTY 23 Jul 13 39100 PE,14,25,0.05,0915-1530|1815-1915:,2023-07-06,2023-07-13,NSE:BANKNIFTY2371339100PE,10,11,36789,BANKNIFTY,39100.0,PE
101123071336781,BANKNIFTY 23 Jul 13 39100 CE,14,25,0.05,0915-1530|1815-1915:,2023-07-06,2023-07-13,NSE:BANKNIFTY2371339100CE,10,11,36781,BANKNIFTY,39100.0,CE
101123071338622,BANKNIFTY 23 Jul 13 39200 CE,14,25,0.05,0915-1530|1815-1915:,2023-07-06,2023-07-13,NSE:BANKNIFTY2371339200CE,10,11,38622,BANKNIFTY,39200.0,CE
101123071338625,BANKNIFTY 23 Jul 13 39200 PE,14,25,0.05,0915-1530|1815-1915:,2023-07-06,2023-07-13,NSE:BANKNIFTY2371339200PE,10,11,38625,BANKNIFTY,39200.0,PE
101123071338626,BANKNIFTY 23 Jul 13 39300 CE,14,25,0.05,0915-1530|1815-1915:,2023-07-06,2023-07-13,NSE:BANKNIFTY2371339300CE,10,11,38626,BANKNIFTY,39300.0,CE
101123071338653,BANKNIFTY 23 Jul 13 39300 PE,14,25,0.05,0915-1530|1815-1915:,2023-07-06,2023-07-13,NSE:BANKNIFTY2371339300PE,10,11,38653,BANKNIFTY,39300.0,PE
101123071338654,BANKNIFTY 23 Jul 13 39400 CE,14,25,0.05,0915-1530|1815-1915:,2023-07-06,2023-07-13,NSE:BANKNIFTY2371339400CE,10,11,38654,BANKNIFTY,39400.0,CE
101123071338656,BANKNIFTY 23 Jul 13 39400 PE,14,25,0.05,0915-1530|1815-1915:,2023-07-06,2023-07-13,NSE:BANKNIFTY2371339400PE,10,11,38656,BANKNIFTY,39400.0,PE
101123071338658,BANKNIFTY 23 Jul 13 39500 PE,14,25,0.05,0915-1530|1815-1915:,2023-07-06,2023-07-13,NSE:BANKNIFTY2371339500PE,10,11,38658,BANKNIFTY,39500.0,PE
101123071338657,BANKNIFTY 23 Jul 13 39500 CE,14,25,0.05,0915-1530|1815-1915:,2023-07-06,2023-07-13,NSE:BANKNIFTY2371339500CE,10,11,38657,BANKNIFTY,39500.0,CE
101123071340125,BANKNIFTY 23 Jul 13 39600 PE,14,25,0.05,0915-1530|1815-1915:,2023-07-06,2023-07-13,NSE:BANKNIFTY2371339600PE,10,11,40125,BANKNIFTY,39600.0,PE
101123071340119,BANKNIFTY 23 Jul 13 39600 CE,14,25,0.05,0915-1530|1815-1915:,2023-07-06,2023-07-13,NSE:BANKNIFTY2371339600CE,10,11,40119,BANKNIFTY,39600.0,CE
101123071340130,BANKNIFTY 23 Jul 13 39700 CE,14,25,0.05,0915-1530|1815-1915:,2023-07-06,2023-07-13,NSE:BANKNIFTY2371339700CE,10,11,40130,BANKNIFTY,39700.0,CE
101123071340133,BANKNIFTY 23 Jul 13 39700 PE,14,25,0.05,0915-1530|1815-1915:,2023-07-06,2023-07-13,NSE:BANKNIFTY2371339700PE,10,11,40133,BANKNIFTY,39700.0,PE
101123071340573,BANKNIFTY 23 Jul 13 39800 CE,14,25,0.05,0915-1530|1815-1915:,2023-07-06,2023-07-13,NSE:BANKNIFTY2371339800CE,10,11,40573,BANKNIFTY,39800.0,CE
101123071340574,BANKNIFTY 23 Jul 13 39800 PE,14,25,0.05,0915-1530|1815-1915:,2023-07-06,2023-07-13,NSE:BANKNIFTY2371339800PE,10,11,40574,BANKNIFTY,39800.0,PE
101123071340622,BANKNIFTY 23 Jul 13 39900 CE,14,25,0.05,0915-1530|1815-1915:,2023-07-06,2023-07-13,NSE:BANKNIFTY2371339900CE,10,11,40622,BANKNIFTY,39900.0,CE
101123071340623,BANKNIFTY 23 Jul 13 39900 PE,14,25,0.05,0915-1530|1815-1915:,2023-07-06,2023-07-13,NSE:BANKNIFTY2371339900PE,10,11,40623,BANKNIFTY,39900.0,PE
101123071341576,BANKNIFTY 23 Jul 13 40000 CE,14,25,0.05,0915-1530|1815-1915:,2023-07-06,2023-07-13,NSE:BANKNIFTY2371340000CE,10,11,41576,BANKNIFTY,40000.0,CE
101123071341577,BANKNIFTY 23 Jul 13 40000 PE,14,25,0.05,0915-1530|1815-1915:,2023-07-06,2023-07-13,NSE:BANKNIFTY2371340000PE,10,11,41577,BANKNIFTY,40000.0,PE
101123071341578,BANKNIFTY 23 Jul 13 40100 CE,14,25,0.05,0915-1530|1815-1915:,2023-07-06,2023-07-13,NSE:BANKNIFTY2371340100CE,10,11,41578,BANKNIFTY,40100.0,CE
101123071341579,BANKNIFTY 23 Jul 13 40100 PE,14,25,0.05,0915-1530|1815-1915:,2023-07-06,2023-07-13,NSE:BANKNIFTY2371340100PE,10,11,41579,BANKNIFTY,40100.0,PE
101123071341581,BANKNIFTY 23 Jul 13 40200 PE,14,25,0.05,0915-1530|1815-1915:,2023-07-06,2023-07-13,NSE:BANKNIFTY2371340200PE,10,11,41581,BANKNIFTY,40200.0,PE
101123071341580,BANKNIFTY 23 Jul 13 40200 CE,14,25,0.05,0915-1530|1815-1915:,2023-07-06,2023-07-13,NSE:BANKNIFTY2371340200CE,10,11,41580,BANKNIFTY,40200.0,CE
101123071341582,BANKNIFTY 23 Jul 13 40300 CE,14,25,0.05,0915-1530|1815-1915:,2023-07-06,2023-07-13,NSE:BANKNIFTY2371340300CE,10,11,41582,BANKNIFTY,40300.0,CE
101123071341583,BANKNIFTY 23 Jul 13 40300 PE,14,25,0.05,0915-1530|1815-1915:,2023-07-06,2023-07-13,NSE:BANKNIFTY2371340300PE,10,11,41583,BANKNIFTY,40300.0,PE
101123071341588,BANKNIFTY 23 Jul 13 40400 CE,14,25,0.05,0915-1530|1815-1915:,2023-07-06,2023-07-13,NSE:BANKNIFTY2371340400CE,10,11,41588,BANKNIFTY,40400.0,CE
101123071341589,BANKNIFTY 23 Jul 13 40400 PE,14,25,0.05,0915-1530|1815-1915:,2023-07-06,2023-07-13,NSE:BANKNIFTY2371340400PE,10,11,41589,BANKNIFTY,40400.0,PE
101123071341590,BANKNIFTY 23 Jul 13 40500 CE,14,25,0.05,0915-1530|1815-1915:,2023-07-06,2023-07-13,NSE:BANKNIFTY2371340500CE,10,11,41590,BANKNIFTY,40500.0,CE
101123071341591,BANKNIFTY 23 Jul 13 40500 PE,14,25,0.05,0915-1530|1815-1915:,2023-07-06,2023-07-13,NSE:BANKNIFTY2371340500PE,10,11,41591,BANKNIFTY,40500.0,PE
101123071341592,BANKNIFTY 23 Jul 13 40600 CE,14,25,0.05,0915-1530|1815-1915:,2023-07-06,2023-07-13,NSE:BANKNIFTY2371340600CE,10,11,41592,BANKNIFTY,40600.0,CE
101123071341593,BANKNIFTY 23 Jul 13 40600 PE,14,25,0.05,0915-1530|1815-1915:,2023-07-06,2023-07-13,NSE:BANKNIFTY2371340600PE,10,11,41593,BANKNIFTY,40600.0,PE
101123071341598,BANKNIFTY 23 Jul 13 40700 CE,14,25,0.05,0915-1530|1815-1915:,2023-07-06,2023-07-13,NSE:BANKNIFTY2371340700CE,10,11,41598,BANKNIFTY,40700.0,CE
101123071341599,BANKNIFTY 23 Jul 13 40700 PE,14,25,0.05,0915-1530|1815-1915:,2023-07-06,2023-07-13,NSE:BANKNIFTY2371340700PE,10,11,41599,BANKNIFTY,40700.0,PE
101123071341600,BANKNIFTY 23 Jul 13 40800 CE,14,25,0.05,0915-1530|1815-1915:,2023-07-06,2023-07-13,NSE:BANKNIFTY2371340800CE,10,11,41600,BANKNIFTY,40800.0,CE
101123071341601,BANKNIFTY 23 Jul 13 40800 PE,14,25,0.05,0915-1530|1815-1915:,2023-07-06,2023-07-13,NSE:BANKNIFTY2371340800PE,10,11,41601,BANKNIFTY,40800.0,PE
101123071341602,BANKNIFTY 23 Jul 13 40900 CE,14,25,0.05,0915-1530|1815-1915:,2023-07-06,2023-07-13,NSE:BANKNIFTY2371340900CE,10,11,41602,BANKNIFTY,40900.0,CE
101123071341603,BANKNIFTY 23 Jul 13 40900 PE,14,25,0.05,0915-1530|1815-1915:,2023-07-06,2023-07-13,NSE:BANKNIFTY2371340900PE,10,11,41603,BANKNIFTY,40900.0,PE
101123071341606,BANKNIFTY 23 Jul 13 41000 CE,14,25,0.05,0915-1530|1815-1915:,2023-07-06,2023-07-13,NSE:BANKNIFTY2371341000CE,10,11,41606,BANKNIFTY,41000.0,CE
101123071341607,BANKNIFTY 23 Jul 13 41000 PE,14,25,0.05,0915-1530|1815-1915:,2023-07-06,2023-07-13,NSE:BANKNIFTY2371341000PE,10,11,41607,BANKNIFTY,41000.0,PE
101123071341609,BANKNIFTY 23 Jul 13 41100 PE,14,25,0.05,0915-1530|1815-1915:,2023-07-06,2023-07-13,NSE:BANKNIFTY2371341100PE,10,11,41609,BANKNIFTY,41100.0,PE
101123071341608,BANKNIFTY 23 Jul 13 41100 CE,14,25,0.05,0915-1530|1815-1915:,2023-07-06,2023-07-13,NSE:BANKNIFTY2371341100CE,10,11,41608,BANKNIFTY,41100.0,CE
101123071341611,BANKNIFTY 23 Jul 13 41200 PE,14,25,0.05,0915-1530|1815-1915:,2023-07-06,2023-07-13,NSE:BANKNIFTY2371341200PE,10,11,41611,BANKNIFTY,41200.0,PE
101123071341610,BANKNIFTY 23 Jul 13 41200 CE,14,25,0.05,0915-1530|1815-1915:,2023-07-06,2023-07-13,NSE:BANKNIFTY2371341200CE,10,11,41610,BANKNIFTY,41200.0,CE
101123071341614,BANKNIFTY 23 Jul 13 41300 CE,14,25,0.05,0915-1530|1815-1915:,2023-07-06,2023-07-13,NSE:BANKNIFTY2371341300CE,10,11,41614,BANKNIFTY,41300.0,CE
101123071341615,BANKNIFTY 23 Jul 13 41300 PE,14,25,0.05,0915-1530|1815-1915:,2023-07-06,2023-07-13,NSE:BANKNIFTY2371341300PE,10,11,41615,BANKNIFTY,41300.0,PE
101123071341616,BANKNIFTY 23 Jul 13 41400 CE,14,25,0.05,0915-1530|1815-1915:,2023-07-06,2023-07-13,NSE:BANKNIFTY2371341400CE,10,11,41616,BANKNIFTY,41400.0,CE
101123071341617,BANKNIFTY 23 Jul 13 41400 PE,14,25,0.05,0915-1530|1815-1915:,2023-07-06,2023-07-13,NSE:BANKNIFTY2371341400PE,10,11,41617,BANKNIFTY,41400.0,PE
101123071341618,BANKNIFTY 23 Jul 13 41500 CE,14,25,0.05,0915-1530|1815-1915:,2023-07-06,2023-07-13,NSE:BANKNIFTY2371341500CE,10,11,41618,BANKNIFTY,41500.0,CE
101123071341619,BANKNIFTY 23 Jul 13 41500 PE,14,25,0.05,0915-1530|1815-1915:,2023-07-06,2023-07-13,NSE:BANKNIFTY2371341500PE,10,11,41619,BANKNIFTY,41500.0,PE
101123071341622,BANKNIFTY 23 Jul 13 41600 CE,14,25,0.05,0915-1530|1815-1915:,2023-07-06,2023-07-13,NSE:BANKNIFTY2371341600CE,10,11,41622,BANKNIFTY,41600.0,CE
101123071341623,BANKNIFTY 23 Jul 13 41600 PE,14,25,0.05,0915-1530|1815-1915:,2023-07-06,2023-07-13,NSE:BANKNIFTY2371341600PE,10,11,41623,BANKNIFTY,41600.0,PE
101123071341624,BANKNIFTY 23 Jul 13 41700 CE,14,25,0.05,0915-1530|1815-1915:,2023-07-06,2023-07-13,NSE:BANKNIFTY2371341700CE,10,11,41624,BANKNIFTY,41700.0,CE
101123071341625,BANKNIFTY 23 Jul 13 41700 PE,14,25,0.05,0915-1530|1815-1915:,2023-07-06,2023-07-13,NSE:BANKNIFTY2371341700PE,10,11,41625,BANKNIFTY,41700.0,PE
101123071341630,BANKNIFTY 23 Jul 13 41800 CE,14,25,0.05,0915-1530|1815-1915:,2023-07-06,2023-07-13,NSE:BANKNIFTY2371341800CE,10,11,41630,BANKNIFTY,41800.0,CE
101123071341631,BANKNIFTY 23 Jul 13 41800 PE,14,25,0.05,0915-1530|1815-1915:,2023-07-06,2023-07-13,NSE:BANKNIFTY2371341800PE,10,11,41631,BANKNIFTY,41800.0,PE
101123071341633,BANKNIFTY 23 Jul 13 41900 PE,14,25,0.05,0915-1530|1815-1915:,2023-07-06,2023-07-13,NSE:BANKNIFTY2371341900PE,10,11,41633,BANKNIFTY,41900.0,PE
101123071341632,BANKNIFTY 23 Jul 13 41900 CE,14,25,0.05,0915-1530|1815-1915:,2023-07-06,2023-07-13,NSE:BANKNIFTY2371341900CE,10,11,41632,BANKNIFTY,41900.0,CE
101123071341638,BANKNIFTY 23 Jul 13 42000 CE,14,25,0.05,0915-1530|1815-1915:,2023-07-06,2023-07-13,NSE:BANKNIFTY2371342000CE,10,11,41638,BANKNIFTY,42000.0,CE
101123071341640,BANKNIFTY 23 Jul 13 42000 PE,14,25,0.05,0915-1530|1815-1915:,2023-07-06,2023-07-13,NSE:BANKNIFTY2371342000PE,10,11,41640,BANKNIFTY,42000.0,PE
101123071341641,BANKNIFTY 23 Jul 13 42100 CE,14,25,0.05,0915-1530|1815-1915:,2023-07-06,2023-07-13,NSE:BANKNIFTY2371342100CE,10,11,41641,BANKNIFTY,42100.0,CE
101123071341642,BANKNIFTY 23 Jul 13 42100 PE,14,25,0.05,0915-1530|1815-1915:,2023-07-06,2023-07-13,NSE:BANKNIFTY2371342100PE,10,11,41642,BANKNIFTY,42100.0,PE
101123071341645,BANKNIFTY 23 Jul 13 42200 CE,14,25,0.05,0915-1530|1815-1915:,2023-07-06,2023-07-13,NSE:BANKNIFTY2371342200CE,10,11,41645,BANKNIFTY,42200.0,CE
101123071341646,BANKNIFTY 23 Jul 13 42200 PE,14,25,0.05,0915-1530|1815-1915:,2023-07-06,2023-07-13,NSE:BANKNIFTY2371342200PE,10,11,41646,BANKNIFTY,42200.0,PE
101123071341647,BANKNIFTY 23 Jul 13 42300 CE,14,25,0.05,0915-1530|1815-1915:,2023-07-06,2023-07-13,NSE:BANKNIFTY2371342300CE,10,11,41647,BANKNIFTY,42300.0,CE
101123071341648,BANKNIFTY 23 Jul 13 42300 PE,14,25,0.05,0915-1530|1815-1915:,2023-07-06,2023-07-13,NSE:BANKNIFTY2371342300PE,10,11,41648,BANKNIFTY,42300.0,PE
101123071341649,BANKNIFTY 23 Jul 13 42400 CE,14,25,0.05,0915-1530|1815-1915:,2023-07-06,2023-07-13,NSE:BANKNIFTY2371342400CE,10,11,41649,BANKNIFTY,42400.0,CE
101123071341650,BANKNIFTY 23 Jul 13 42400 PE,14,25,0.05,0915-1530|1815-1915:,2023-07-06,2023-07-13,NSE:BANKNIFTY2371342400PE,10,11,41650,BANKNIFTY,42400.0,PE
101123071341651,BANKNIFTY 23 Jul 13 42500 CE,14,25,0.05,0915-1530|1815-1915:,2023-07-06,2023-07-13,NSE:BANKNIFTY2371342500CE,10,11,41651,BANKNIFTY,42500.0,CE
101123071341652,BANKNIFTY 23 Jul 13 42500 PE,14,25,0.05,0915-1530|1815-1915:,2023-07-06,2023-07-13,NSE:BANKNIFTY2371342500PE,10,11,41652,BANKNIFTY,42500.0,PE
101123071341658,BANKNIFTY 23 Jul 13 42600 CE,14,25,0.05,0915-1530|1815-1915:,2023-07-06,2023-07-13,NSE:BANKNIFTY2371342600CE,10,11,41658,BANKNIFTY,42600.0,CE
101123071341659,BANKNIFTY 23 Jul 13 42600 PE,14,25,0.05,0915-1530|1815-1915:,2023-07-06,2023-07-13,NSE:BANKNIFTY2371342600PE,10,11,41659,BANKNIFTY,42600.0,PE
101123071341661,BANKNIFTY 23 Jul 13 42700 PE,14,25,0.05,0915-1530|1815-1915:,2023-07-06,2023-07-13,NSE:BANKNIFTY2371342700PE,10,11,41661,BANKNIFTY,42700.0,PE
101123071341660,BANKNIFTY 23 Jul 13 42700 CE,14,25,0.05,0915-1530|1815-1915:,2023-07-06,2023-07-13,NSE:BANKNIFTY2371342700CE,10,11,41660,BANKNIFTY,42700.0,CE
101123071341666,BANKNIFTY 23 Jul 13 42800 CE,14,25,0.05,0915-1530|1815-1915:,2023-07-06,2023-07-13,NSE:BANKNIFTY2371342800CE,10,11,41666,BANKNIFTY,42800.0,CE
101123071341667,BANKNIFTY 23 Jul 13 42800 PE,14,25,0.05,0915-1530|1815-1915:,2023-07-06,2023-07-13,NSE:BANKNIFTY2371342800PE,10,11,41667,BANKNIFTY,42800.0,PE
101123071341668,BANKNIFTY 23 Jul 13 42900 CE,14,25,0.05,0915-1530|1815-1915:,2023-07-06,2023-07-13,NSE:BANKNIFTY2371342900CE,10,11,41668,BANKNIFTY,42900.0,CE
101123071341669,BANKNIFTY 23 Jul 13 42900 PE,14,25,0.05,0915-1530|1815-1915:,2023-07-06,2023-07-13,NSE:BANKNIFTY2371342900PE,10,11,41669,BANKNIFTY,42900.0,PE
101123071341670,BANKNIFTY 23 Jul 13 43000 CE,14,25,0.05,0915-1530|1815-1915:,2023-07-06,2023-07-13,NSE:BANKNIFTY2371343000CE,10,11,41670,BANKNIFTY,43000.0,CE
101123071341671,BANKNIFTY 23 Jul 13 43000 PE,14,25,0.05,0915-1530|1815-1915:,2023-07-06,2023-07-13,NSE:BANKNIFTY2371343000PE,10,11,41671,BANKNIFTY,43000.0,PE
101123071341672,BANKNIFTY 23 Jul 13 43100 CE,14,25,0.05,0915-1530|1815-1915:,2023-07-06,2023-07-13,NSE:BANKNIFTY2371343100CE,10,11,41672,BANKNIFTY,43100.0,CE
101123071341673,BANKNIFTY 23 Jul 13 43100 PE,14,25,0.05,0915-1530|1815-1915:,2023-07-06,2023-07-13,NSE:BANKNIFTY2371343100PE,10,11,41673,BANKNIFTY,43100.0,PE
101123071341679,BANKNIFTY 23 Jul 13 43200 PE,14,25,0.05,0915-1530|1815-1915:,2023-07-06,2023-07-13,NSE:BANKNIFTY2371343200PE,10,11,41679,BANKNIFTY,43200.0,PE
101123071341678,BANKNIFTY 23 Jul 13 43200 CE,14,25,0.05,0915-1530|1815-1915:,2023-07-06,2023-07-13,NSE:BANKNIFTY2371343200CE,10,11,41678,BANKNIFTY,43200.0,CE
101123071341681,BANKNIFTY 23 Jul 13 43300 PE,14,25,0.05,0915-1530|1815-1915:,2023-07-06,2023-07-13,NSE:BANKNIFTY2371343300PE,10,11,41681,BANKNIFTY,43300.0,PE
101123071341680,BANKNIFTY 23 Jul 13 43300 CE,14,25,0.05,0915-1530|1815-1915:,2023-07-06,2023-07-13,NSE:BANKNIFTY2371343300CE,10,11,41680,BANKNIFTY,43300.0,CE
101123071341683,BANKNIFTY 23 Jul 13 43400 PE,14,25,0.05,0915-1530|1815-1915:,2023-07-06,2023-07-13,NSE:BANKNIFTY2371343400PE,10,11,41683,BANKNIFTY,43400.0,PE
101123071341682,BANKNIFTY 23 Jul 13 43400 CE,14,25,0.05,0915-1530|1815-1915:,2023-07-06,2023-07-13,NSE:BANKNIFTY2371343400CE,10,11,41682,BANKNIFTY,43400.0,CE
101123071341684,BANKNIFTY 23 Jul 13 43500 CE,14,25,0.05,0915-1530|1815-1915:,2023-07-06,2023-07-13,NSE:BANKNIFTY2371343500CE,10,11,41684,BANKNIFTY,43500.0,CE
101123071341685,BANKNIFTY 23 Jul 13 43500 PE,14,25,0.05,0915-1530|1815-1915:,2023-07-06,2023-07-13,NSE:BANKNIFTY2371343500PE,10,11,41685,BANKNIFTY,43500.0,PE
101123071341689,BANKNIFTY 23 Jul 13 43600 CE,14,25,0.05,0915-1530|1815-1915:,2023-07-06,2023-07-13,NSE:BANKNIFTY2371343600CE,10,11,41689,BANKNIFTY,43600.0,CE
101123071341691,BANKNIFTY 23 Jul 13 43600 PE,14,25,0.05,0915-1530|1815-1915:,2023-07-06,2023-07-13,NSE:BANKNIFTY2371343600PE,10,11,41691,BANKNIFTY,43600.0,PE
101123071341694,BANKNIFTY 23 Jul 13 43700 CE,14,25,0.05,0915-1530|1815-1915:,2023-07-06,2023-07-13,NSE:BANKNIFTY2371343700CE,10,11,41694,BANKNIFTY,43700.0,CE
101123071341695,BANKNIFTY 23 Jul 13 43700 PE,14,25,0.05,0915-1530|1815-1915:,2023-07-06,2023-07-13,NSE:BANKNIFTY2371343700PE,10,11,41695,BANKNIFTY,43700.0,PE
101123071341697,BANKNIFTY 23 Jul 13 43800 PE,14,25,0.05,0915-1530|1815-1915:,2023-07-06,2023-07-13,NSE:BANKNIFTY2371343800PE,10,11,41697,BANKNIFTY,43800.0,PE
101123071341696,BANKNIFTY 23 Jul 13 43800 CE,14,25,0.05,0915-1530|1815-1915:,2023-07-06,2023-07-13,NSE:BANKNIFTY2371343800CE,10,11,41696,BANKNIFTY,43800.0,CE
101123071341701,BANKNIFTY 23 Jul 13 43900 PE,14,25,0.05,0915-1530|1815-1915:,2023-07-06,2023-07-13,NSE:BANKNIFTY2371343900PE,10,11,41701,BANKNIFTY,43900.0,PE
101123071341700,BANKNIFTY 23 Jul 13 43900 CE,14,25,0.05,0915-1530|1815-1915:,2023-07-06,2023-07-13,NSE:BANKNIFTY2371343900CE,10,11,41700,BANKNIFTY,43900.0,CE
101123071341702,BANKNIFTY 23 Jul 13 44000 CE,14,25,0.05,0915-1530|1815-1915:,2023-07-06,2023-07-13,NSE:BANKNIFTY2371344000CE,10,11,41702,BANKNIFTY,44000.0,CE
101123071341703,BANKNIFTY 23 Jul 13 44000 PE,14,25,0.05,0915-1530|1815-1915:,2023-07-06,2023-07-13,NSE:BANKNIFTY2371344000PE,10,11,41703,BANKNIFTY,44000.0,PE
101123071341704,BANKNIFTY 23 Jul 13 44100 CE,14,25,0.05,0915-1530|1815-1915:,2023-07-06,2023-07-13,NSE:BANKNIFTY2371344100CE,10,11,41704,BANKNIFTY,44100.0,CE
101123071341705,BANKNIFTY 23 Jul 13 44100 PE,14,25,0.05,0915-1530|1815-1915:,2023-07-06,2023-07-13,NSE:BANKNIFTY2371344100PE,10,11,41705,BANKNIFTY,44100.0,PE
101123071341706,BANKNIFTY 23 Jul 13 44200 CE,14,25,0.05,0915-1530|1815-1915:,2023-07-06,2023-07-13,NSE:BANKNIFTY2371344200CE,10,11,41706,BANKNIFTY,44200.0,CE
101123071341707,BANKNIFTY 23 Jul 13 44200 PE,14,25,0.05,0915-1530|1815-1915:,2023-07-06,2023-07-13,NSE:BANKNIFTY2371344200PE,10,11,41707,BANKNIFTY,44200.0,PE
101123071341708,BANKNIFTY 23 Jul 13 44300 CE,14,25,0.05,0915-1530|1815-1915:,2023-07-06,2023-07-13,NSE:BANKNIFTY2371344300CE,10,11,41708,BANKNIFTY,44300.0,CE
101123071341709,BANKNIFTY 23 Jul 13 44300 PE,14,25,0.05,0915-1530|1815-1915:,2023-07-06,2023-07-13,NSE:BANKNIFTY2371344300PE,10,11,41709,BANKNIFTY,44300.0,PE
101123071341710,BANKNIFTY 23 Jul 13 44400 CE,14,25,0.05,0915-1530|1815-1915:,2023-07-06,2023-07-13,NSE:BANKNIFTY2371344400CE,10,11,41710,BANKNIFTY,44400.0,CE
101123071341711,BANKNIFTY 23 Jul 13 44400 PE,14,25,0.05,0915-1530|1815-1915:,2023-07-06,2023-07-13,NSE:BANKNIFTY2371344400PE,10,11,41711,BANKNIFTY,44400.0,PE
101123071341712,BANKNIFTY 23 Jul 13 44500 CE,14,25,0.05,0915-1530|1815-1915:,2023-07-06,2023-07-13,NSE:BANKNIFTY2371344500CE,10,11,41712,BANKNIFTY,44500.0,CE
101123071341714,BANKNIFTY 23 Jul 13 44500 PE,14,25,0.05,0915-1530|1815-1915:,2023-07-06,2023-07-13,NSE:BANKNIFTY2371344500PE,10,11,41714,BANKNIFTY,44500.0,PE
101123071341721,BANKNIFTY 23 Jul 13 44600 PE,14,25,0.05,0915-1530|1815-1915:,2023-07-06,2023-07-13,NSE:BANKNIFTY2371344600PE,10,11,41721,BANKNIFTY,44600.0,PE
101123071341718,BANKNIFTY 23 Jul 13 44600 CE,14,25,0.05,0915-1530|1815-1915:,2023-07-06,2023-07-13,NSE:BANKNIFTY2371344600CE,10,11,41718,BANKNIFTY,44600.0,CE
101123071341723,BANKNIFTY 23 Jul 13 44700 PE,14,25,0.05,0915-1530|1815-1915:,2023-07-06,2023-07-13,NSE:BANKNIFTY2371344700PE,10,11,41723,BANKNIFTY,44700.0,PE
101123071341722,BANKNIFTY 23 Jul 13 44700 CE,14,25,0.05,0915-1530|1815-1915:,2023-07-06,2023-07-13,NSE:BANKNIFTY2371344700CE,10,11,41722,BANKNIFTY,44700.0,CE
101123071341724,BANKNIFTY 23 Jul 13 44800 CE,14,25,0.05,0915-1530|1815-1915:,2023-07-06,2023-07-13,NSE:BANKNIFTY2371344800CE,10,11,41724,BANKNIFTY,44800.0,CE
101123071341725,BANKNIFTY 23 Jul 13 44800 PE,14,25,0.05,0915-1530|1815-1915:,2023-07-06,2023-07-13,NSE:BANKNIFTY2371344800PE,10,11,41725,BANKNIFTY,44800.0,PE
101123071341728,BANKNIFTY 23 Jul 13 44900 CE,14,25,0.05,0915-1530|1815-1915:,2023-07-06,2023-07-13,NSE:BANKNIFTY2371344900CE,10,11,41728,BANKNIFTY,44900.0,CE
101123071341729,BANKNIFTY 23 Jul 13 44900 PE,14,25,0.05,0915-1530|1815-1915:,2023-07-06,2023-07-13,NSE:BANKNIFTY2371344900PE,10,11,41729,BANKNIFTY,44900.0,PE
101123071341730,BANKNIFTY 23 Jul 13 45000 CE,14,25,0.05,0915-1530|1815-1915:,2023-07-06,2023-07-13,NSE:BANKNIFTY2371345000CE,10,11,41730,BANKNIFTY,45000.0,CE
101123071341731,BANKNIFTY 23 Jul 13 45000 PE,14,25,0.05,0915-1530|1815-1915:,2023-07-06,2023-07-13,NSE:BANKNIFTY2371345000PE,10,11,41731,BANKNIFTY,45000.0,PE
101123071341734,BANKNIFTY 23 Jul 13 45100 CE,14,25,0.05,0915-1530|1815-1915:,2023-07-06,2023-07-13,NSE:BANKNIFTY2371345100CE,10,11,41734,BANKNIFTY,45100.0,CE
101123071341735,BANKNIFTY 23 Jul 13 45100 PE,14,25,0.05,0915-1530|1815-1915:,2023-07-06,2023-07-13,NSE:BANKNIFTY2371345100PE,10,11,41735,BANKNIFTY,45100.0,PE
101123071341736,BANKNIFTY 23 Jul 13 45200 CE,14,25,0.05,0915-1530|1815-1915:,2023-07-06,2023-07-13,NSE:BANKNIFTY2371345200CE,10,11,41736,BANKNIFTY,45200.0,CE
101123071341737,BANKNIFTY 23 Jul 13 45200 PE,14,25,0.05,0915-1530|1815-1915:,2023-07-06,2023-07-13,NSE:BANKNIFTY2371345200PE,10,11,41737,BANKNIFTY,45200.0,PE
101123071341740,BANKNIFTY 23 Jul 13 45300 CE,14,25,0.05,0915-1530|1815-1915:,2023-07-06,2023-07-13,NSE:BANKNIFTY2371345300CE,10,11,41740,BANKNIFTY,45300.0,CE
101123071341741,BANKNIFTY 23 Jul 13 45300 PE,14,25,0.05,0915-1530|1815-1915:,2023-07-06,2023-07-13,NSE:BANKNIFTY2371345300PE,10,11,41741,BANKNIFTY,45300.0,PE
101123071341742,BANKNIFTY 23 Jul 13 45400 CE,14,25,0.05,0915-1530|1815-1915:,2023-07-06,2023-07-13,NSE:BANKNIFTY2371345400CE,10,11,41742,BANKNIFTY,45400.0,CE
101123071341743,BANKNIFTY 23 Jul 13 45400 PE,14,25,0.05,0915-1530|1815-1915:,2023-07-06,2023-07-13,NSE:BANKNIFTY2371345400PE,10,11,41743,BANKNIFTY,45400.0,PE
101123071341747,BANKNIFTY 23 Jul 13 45500 PE,14,25,0.05,0915-1530|1815-1915:,2023-07-06,2023-07-13,NSE:BANKNIFTY2371345500PE,10,11,41747,BANKNIFTY,45500.0,PE
101123071341745,BANKNIFTY 23 Jul 13 45500 CE,14,25,0.05,0915-1530|1815-1915:,2023-07-06,2023-07-13,NSE:BANKNIFTY2371345500CE,10,11,41745,BANKNIFTY,45500.0,CE
101123071341749,BANKNIFTY 23 Jul 13 45600 PE,14,25,0.05,0915-1530|1815-1915:,2023-07-06,2023-07-13,NSE:BANKNIFTY2371345600PE,10,11,41749,BANKNIFTY,45600.0,PE
101123071341748,BANKNIFTY 23 Jul 13 45600 CE,14,25,0.05,0915-1530|1815-1915:,2023-07-06,2023-07-13,NSE:BANKNIFTY2371345600CE,10,11,41748,BANKNIFTY,45600.0,CE
101123071341750,BANKNIFTY 23 Jul 13 45700 CE,14,25,0.05,0915-1530|1815-1915:,2023-07-06,2023-07-13,NSE:BANKNIFTY2371345700CE,10,11,41750,BANKNIFTY,45700.0,CE
101123071341751,BANKNIFTY 23 Jul 13 45700 PE,14,25,0.05,0915-1530|1815-1915:,2023-07-06,2023-07-13,NSE:BANKNIFTY2371345700PE,10,11,41751,BANKNIFTY,45700.0,PE
101123071341752,BANKNIFTY 23 Jul 13 45800 CE,14,25,0.05,0915-1530|1815-1915:,2023-07-06,2023-07-13,NSE:BANKNIFTY2371345800CE,10,11,41752,BANKNIFTY,45800.0,CE
101123071341753,BANKNIFTY 23 Jul 13 45800 PE,14,25,0.05,0915-1530|1815-1915:,2023-07-06,2023-07-13,NSE:BANKNIFTY2371345800PE,10,11,41753,BANKNIFTY,45800.0,PE
101123071341754,BANKNIFTY 23 Jul 13 45900 CE,14,25,0.05,0915-1530|1815-1915:,2023-07-06,2023-07-13,NSE:BANKNIFTY2371345900CE,10,11,41754,BANKNIFTY,45900.0,CE
101123071341755,BANKNIFTY 23 Jul 13 45900 PE,14,25,0.05,0915-1530|1815-1915:,2023-07-06,2023-07-13,NSE:BANKNIFTY2371345900PE,10,11,41755,BANKNIFTY,45900.0,PE
101123071341756,BANKNIFTY 23 Jul 13 46000 CE,14,25,0.05,0915-1530|1815-1915:,2023-07-06,2023-07-13,NSE:BANKNIFTY2371346000CE,10,11,41756,BANKNIFTY,46000.0,CE
101123071341757,BANKNIFTY 23 Jul 13 46000 PE,14,25,0.05,0915-1530|1815-1915:,2023-07-06,2023-07-13,NSE:BANKNIFTY2371346000PE,10,11,41757,BANKNIFTY,46000.0,PE
101123071341762,BANKNIFTY 23 Jul 13 46100 CE,14,25,0.05,0915-1530|1815-1915:,2023-07-06,2023-07-13,NSE:BANKNIFTY2371346100CE,10,11,41762,BANKNIFTY,46100.0,CE
101123071341763,BANKNIFTY 23 Jul 13 46100 PE,14,25,0.05,0915-1530|1815-1915:,2023-07-06,2023-07-13,NSE:BANKNIFTY2371346100PE,10,11,41763,BANKNIFTY,46100.0,PE
101123071341764,BANKNIFTY 23 Jul 13 46200 CE,14,25,0.05,0915-1530|1815-1915:,2023-07-06,2023-07-13,NSE:BANKNIFTY2371346200CE,10,11,41764,BANKNIFTY,46200.0,CE
101123071341765,BANKNIFTY 23 Jul 13 46200 PE,14,25,0.05,0915-1530|1815-1915:,2023-07-06,2023-07-13,NSE:BANKNIFTY2371346200PE,10,11,41765,BANKNIFTY,46200.0,PE
101123071341767,BANKNIFTY 23 Jul 13 46300 PE,14,25,0.05,0915-1530|1815-1915:,2023-07-06,2023-07-13,NSE:BANKNIFTY2371346300PE,10,11,41767,BANKNIFTY,46300.0,PE
101123071341766,BANKNIFTY 23 Jul 13 46300 CE,14,25,0.05,0915-1530|1815-1915:,2023-07-06,2023-07-13,NSE:BANKNIFTY2371346300CE,10,11,41766,BANKNIFTY,46300.0,CE
101123071341770,BANKNIFTY 23 Jul 13 46400 CE,14,25,0.05,0915-1530|1815-1915:,2023-07-06,2023-07-13,NSE:BANKNIFTY2371346400CE,10,11,41770,BANKNIFTY,46400.0,CE
101123071341771,BANKNIFTY 23 Jul 13 46400 PE,14,25,0.05,0915-1530|1815-1915:,2023-07-06,2023-07-13,NSE:BANKNIFTY2371346400PE,10,11,41771,BANKNIFTY,46400.0,PE
101123071341772,BANKNIFTY 23 Jul 13 46500 CE,14,25,0.05,0915-1530|1815-1915:,2023-07-06,2023-07-13,NSE:BANKNIFTY2371346500CE,10,11,41772,BANKNIFTY,46500.0,CE
101123071341773,BANKNIFTY 23 Jul 13 46500 PE,14,25,0.05,0915-1530|1815-1915:,2023-07-06,2023-07-13,NSE:BANKNIFTY2371346500PE,10,11,41773,BANKNIFTY,46500.0,PE
101123071341774,BANKNIFTY 23 Jul 13 46600 CE,14,25,0.05,0915-1530|1815-1915:,2023-07-06,2023-07-13,NSE:BANKNIFTY2371346600CE,10,11,41774,BANKNIFTY,46600.0,CE
101123071341775,BANKNIFTY 23 Jul 13 46600 PE,14,25,0.05,0915-1530|1815-1915:,2023-07-06,2023-07-13,NSE:BANKNIFTY2371346600PE,10,11,41775,BANKNIFTY,46600.0,PE
101123071341776,BANKNIFTY 23 Jul 13 46700 CE,14,25,0.05,0915-1530|1815-1915:,2023-07-06,2023-07-13,NSE:BANKNIFTY2371346700CE,10,11,41776,BANKNIFTY,46700.0,CE
101123071341777,BANKNIFTY 23 Jul 13 46700 PE,14,25,0.05,0915-1530|1815-1915:,2023-07-06,2023-07-13,NSE:BANKNIFTY2371346700PE,10,11,41777,BANKNIFTY,46700.0,PE
101123071341778,BANKNIFTY 23 Jul 13 46800 CE,14,25,0.05,0915-1530|1815-1915:,2023-07-06,2023-07-13,NSE:BANKNIFTY2371346800CE,10,11,41778,BANKNIFTY,46800.0,CE
101123071341779,BANKNIFTY 23 Jul 13 46800 PE,14,25,0.05,0915-1530|1815-1915:,2023-07-06,2023-07-13,NSE:BANKNIFTY2371346800PE,10,11,41779,BANKNIFTY,46800.0,PE
101123071341780,BANKNIFTY 23 Jul 13 46900 CE,14,25,0.05,0915-1530|1815-1915:,2023-07-06,2023-07-13,NSE:BANKNIFTY2371346900CE,10,11,41780,BANKNIFTY,46900.0,CE
101123071341781,BANKNIFTY 23 Jul 13 46900 PE,14,25,0.05,0915-1530|1815-1915:,2023-07-06,2023-07-13,NSE:BANKNIFTY2371346900PE,10,11,41781,BANKNIFTY,46900.0,PE
101123071341785,BANKNIFTY 23 Jul 13 47000 PE,14,25,0.05,0915-1530|1815-1915:,2023-07-06,2023-07-13,NSE:BANKNIFTY2371347000PE,10,11,41785,BANKNIFTY,47000.0,PE
101123071341784,BANKNIFTY 23 Jul 13 47000 CE,14,25,0.05,0915-1530|1815-1915:,2023-07-06,2023-07-13,NSE:BANKNIFTY2371347000CE,10,11,41784,BANKNIFTY,47000.0,CE
101123071341786,BANKNIFTY 23 Jul 13 47100 CE,14,25,0.05,0915-1530|1815-1915:,2023-07-06,2023-07-13,NSE:BANKNIFTY2371347100CE,10,11,41786,BANKNIFTY,47100.0,CE
101123071341787,BANKNIFTY 23 Jul 13 47100 PE,14,25,0.05,0915-1530|1815-1915:,2023-07-06,2023-07-13,NSE:BANKNIFTY2371347100PE,10,11,41787,BANKNIFTY,47100.0,PE
101123071341788,BANKNIFTY 23 Jul 13 47200 CE,14,25,0.05,0915-1530|1815-1915:,2023-07-06,2023-07-13,NSE:BANKNIFTY2371347200CE,10,11,41788,BANKNIFTY,47200.0,CE
101123071341789,BANKNIFTY 23 Jul 13 47200 PE,14,25,0.05,0915-1530|1815-1915:,2023-07-06,2023-07-13,NSE:BANKNIFTY2371347200PE,10,11,41789,BANKNIFTY,47200.0,PE
101123071341790,BANKNIFTY 23 Jul 13 47300 CE,14,25,0.05,0915-1530|1815-1915:,2023-07-06,2023-07-13,NSE:BANKNIFTY2371347300CE,10,11,41790,BANKNIFTY,47300.0,CE
101123071341793,BANKNIFTY 23 Jul 13 47300 PE,14,25,0.05,0915-1530|1815-1915:,2023-07-06,2023-07-13,NSE:BANKNIFTY2371347300PE,10,11,41793,BANKNIFTY,47300.0,PE
101123071341794,BANKNIFTY 23 Jul 13 47400 CE,14,25,0.05,0915-1530|1815-1915:,2023-07-06,2023-07-13,NSE:BANKNIFTY2371347400CE,10,11,41794,BANKNIFTY,47400.0,CE
101123071341797,BANKNIFTY 23 Jul 13 47400 PE,14,25,0.05,0915-1530|1815-1915:,2023-07-06,2023-07-13,NSE:BANKNIFTY2371347400PE,10,11,41797,BANKNIFTY,47400.0,PE
101123071341798,BANKNIFTY 23 Jul 13 47500 CE,14,25,0.05,0915-1530|1815-1915:,2023-07-06,2023-07-13,NSE:BANKNIFTY2371347500CE,10,11,41798,BANKNIFTY,47500.0,CE
101123071341799,BANKNIFTY 23 Jul 13 47500 PE,14,25,0.05,0915-1530|1815-1915:,2023-07-06,2023-07-13,NSE:BANKNIFTY2371347500PE,10,11,41799,BANKNIFTY,47500.0,PE
101123071341800,BANKNIFTY 23 Jul 13 47600 CE,14,25,0.05,0915-1530|1815-1915:,2023-07-06,2023-07-13,NSE:BANKNIFTY2371347600CE,10,11,41800,BANKNIFTY,47600.0,CE
101123071341801,BANKNIFTY 23 Jul 13 47600 PE,14,25,0.05,0915-1530|1815-1915:,2023-07-06,2023-07-13,NSE:BANKNIFTY2371347600PE,10,11,41801,BANKNIFTY,47600.0,PE
101123071341808,BANKNIFTY 23 Jul 13 47700 CE,14,25,0.05,0915-1530|1815-1915:,2023-07-06,2023-07-13,NSE:BANKNIFTY2371347700CE,10,11,41808,BANKNIFTY,47700.0,CE
101123071341809,BANKNIFTY 23 Jul 13 47700 PE,14,25,0.05,0915-1530|1815-1915:,2023-07-06,2023-07-13,NSE:BANKNIFTY2371347700PE,10,11,41809,BANKNIFTY,47700.0,PE
101123071341811,BANKNIFTY 23 Jul 13 47800 PE,14,25,0.05,0915-1530|1815-1915:,2023-07-06,2023-07-13,NSE:BANKNIFTY2371347800PE,10,11,41811,BANKNIFTY,47800.0,PE
101123071341810,BANKNIFTY 23 Jul 13 47800 CE,14,25,0.05,0915-1530|1815-1915:,2023-07-06,2023-07-13,NSE:BANKNIFTY2371347800CE,10,11,41810,BANKNIFTY,47800.0,CE
101123071341812,BANKNIFTY 23 Jul 13 47900 CE,14,25,0.05,0915-1530|1815-1915:,2023-07-06,2023-07-13,NSE:BANKNIFTY2371347900CE,10,11,41812,BANKNIFTY,47900.0,CE
101123071341815,BANKNIFTY 23 Jul 13 47900 PE,14,25,0.05,0915-1530|1815-1915:,2023-07-06,2023-07-13,NSE:BANKNIFTY2371347900PE,10,11,41815,BANKNIFTY,47900.0,PE
101123071341817,BANKNIFTY 23 Jul 13 48000 PE,14,25,0.05,0915-1530|1815-1915:,2023-07-06,2023-07-13,NSE:BANKNIFTY2371348000PE,10,11,41817,BANKNIFTY,48000.0,PE
101123071341816,BANKNIFTY 23 Jul 13 48000 CE,14,25,0.05,0915-1530|1815-1915:,2023-07-06,2023-07-13,NSE:BANKNIFTY2371348000CE,10,11,41816,BANKNIFTY,48000.0,CE
101123071341823,BANKNIFTY 23 Jul 13 48100 PE,14,25,0.05,0915-1530|1815-1915:,2023-07-06,2023-07-13,NSE:BANKNIFTY2371348100PE,10,11,41823,BANKNIFTY,48100.0,PE
101123071341822,BANKNIFTY 23 Jul 13 48100 CE,14,25,0.05,0915-1530|1815-1915:,2023-07-06,2023-07-13,NSE:BANKNIFTY2371348100CE,10,11,41822,BANKNIFTY,48100.0,CE
101123071341824,BANKNIFTY 23 Jul 13 48200 CE,14,25,0.05,0915-1530|1815-1915:,2023-07-06,2023-07-13,NSE:BANKNIFTY2371348200CE,10,11,41824,BANKNIFTY,48200.0,CE
101123071341825,BANKNIFTY 23 Jul 13 48200 PE,14,25,0.05,0915-1530|1815-1915:,2023-07-06,2023-07-13,NSE:BANKNIFTY2371348200PE,10,11,41825,BANKNIFTY,48200.0,PE
101123071341830,BANKNIFTY 23 Jul 13 48300 CE,14,25,0.05,0915-1530|1815-1915:,2023-07-06,2023-07-13,NSE:BANKNIFTY2371348300CE,10,11,41830,BANKNIFTY,48300.0,CE
101123071341831,BANKNIFTY 23 Jul 13 48300 PE,14,25,0.05,0915-1530|1815-1915:,2023-07-06,2023-07-13,NSE:BANKNIFTY2371348300PE,10,11,41831,BANKNIFTY,48300.0,PE
101123071341834,BANKNIFTY 23 Jul 13 48400 PE,14,25,0.05,0915-1530|1815-1915:,2023-07-06,2023-07-13,NSE:BANKNIFTY2371348400PE,10,11,41834,BANKNIFTY,48400.0,PE
101123071341832,BANKNIFTY 23 Jul 13 48400 CE,14,25,0.05,0915-1530|1815-1915:,2023-07-06,2023-07-13,NSE:BANKNIFTY2371348400CE,10,11,41832,BANKNIFTY,48400.0,CE
101123071341837,BANKNIFTY 23 Jul 13 48500 PE,14,25,0.05,0915-1530|1815-1915:,2023-07-06,2023-07-13,NSE:BANKNIFTY2371348500PE,10,11,41837,BANKNIFTY,48500.0,PE
101123071341836,BANKNIFTY 23 Jul 13 48500 CE,14,25,0.05,0915-1530|1815-1915:,2023-07-06,2023-07-13,NSE:BANKNIFTY2371348500CE,10,11,41836,BANKNIFTY,48500.0,CE
101123071341839,BANKNIFTY 23 Jul 13 48600 PE,14,25,0.05,0915-1530|1815-1915:,2023-07-06,2023-07-13,NSE:BANKNIFTY2371348600PE,10,11,41839,BANKNIFTY,48600.0,PE
101123071341838,BANKNIFTY 23 Jul 13 48600 CE,14,25,0.05,0915-1530|1815-1915:,2023-07-06,2023-07-13,NSE:BANKNIFTY2371348600CE,10,11,41838,BANKNIFTY,48600.0,CE
101123071341842,BANKNIFTY 23 Jul 13 48700 CE,14,25,0.05,0915-1530|1815-1915:,2023-07-06,2023-07-13,NSE:BANKNIFTY2371348700CE,10,11,41842,BANKNIFTY,48700.0,CE
101123071341843,BANKNIFTY 23 Jul 13 48700 PE,14,25,0.05,0915-1530|1815-1915:,2023-07-06,2023-07-13,NSE:BANKNIFTY2371348700PE,10,11,41843,BANKNIFTY,48700.0,PE
101123071341846,BANKNIFTY 23 Jul 13 48800 CE,14,25,0.05,0915-1530|1815-1915:,2023-07-06,2023-07-13,NSE:BANKNIFTY2371348800CE,10,11,41846,BANKNIFTY,48800.0,CE
101123071341847,BANKNIFTY 23 Jul 13 48800 PE,14,25,0.05,0915-1530|1815-1915:,2023-07-06,2023-07-13,NSE:BANKNIFTY2371348800PE,10,11,41847,BANKNIFTY,48800.0,PE
101123071341848,BANKNIFTY 23 Jul 13 48900 CE,14,25,0.05,0915-1530|1815-1915:,2023-07-06,2023-07-13,NSE:BANKNIFTY2371348900CE,10,11,41848,BANKNIFTY,48900.0,CE
101123071341849,BANKNIFTY 23 Jul 13 48900 PE,14,25,0.05,0915-1530|1815-1915:,2023-07-06,2023-07-13,NSE:BANKNIFTY2371348900PE,10,11,41849,BANKNIFTY,48900.0,PE
101123071341860,BANKNIFTY 23 Jul 13 49000 PE,14,25,0.05,0915-1530|1815-1915:,2023-07-06,2023-07-13,NSE:BANKNIFTY2371349000PE,10,11,41860,BANKNIFTY,49000.0,PE
101123071341851,BANKNIFTY 23 Jul 13 49000 CE,14,25,0.05,0915-1530|1815-1915:,2023-07-06,2023-07-13,NSE:BANKNIFTY2371349000CE,10,11,41851,BANKNIFTY,49000.0,CE
101123071356109,BANKNIFTY 23 Jul 13 49100 PE,14,25,0.05,0915-1530|1815-1915:,2023-07-06,2023-07-13,NSE:BANKNIFTY2371349100PE,10,11,56109,BANKNIFTY,49100.0,PE
101123071356108,BANKNIFTY 23 Jul 13 49100 CE,14,25,0.05,0915-1530|1815-1915:,2023-07-06,2023-07-13,NSE:BANKNIFTY2371349100CE,10,11,56108,BANKNIFTY,49100.0,CE
101123071358949,BANKNIFTY 23 Jul 13 49200 PE,14,25,0.05,0915-1530|1815-1915:,2023-07-06,2023-07-13,NSE:BANKNIFTY2371349200PE,10,11,58949,BANKNIFTY,49200.0,PE
101123071358726,BANKNIFTY 23 Jul 13 49200 CE,14,25,0.05,0915-1530|1815-1915:,2023-07-06,2023-07-13,NSE:BANKNIFTY2371349200CE,10,11,58726,BANKNIFTY,49200.0,CE
101123071359033,BANKNIFTY 23 Jul 13 49300 PE,14,25,0.05,0915-1530|1815-1915:,2023-07-06,2023-07-13,NSE:BANKNIFTY2371349300PE,10,11,59033,BANKNIFTY,49300.0,PE
101123071358950,BANKNIFTY 23 Jul 13 49300 CE,14,25,0.05,0915-1530|1815-1915:,2023-07-06,2023-07-13,NSE:BANKNIFTY2371349300CE,10,11,58950,BANKNIFTY,49300.0,CE
101123071335028,BANKNIFTY 23 Jul 13 49400 CE,14,25,0.05,0915-1530|1815-1915:,2023-07-06,2023-07-13,NSE:BANKNIFTY2371349400CE,10,11,35028,BANKNIFTY,49400.0,CE
101123071335031,BANKNIFTY 23 Jul 13 49400 PE,14,25,0.05,0915-1530|1815-1915:,2023-07-06,2023-07-13,NSE:BANKNIFTY2371349400PE,10,11,35031,BANKNIFTY,49400.0,PE
101123071341874,BANKNIFTY 23 Jul 13 49500 PE,14,25,0.05,0915-1530|1815-1915:,2023-07-06,2023-07-13,NSE:BANKNIFTY2371349500PE,10,11,41874,BANKNIFTY,49500.0,PE
101123071341861,BANKNIFTY 23 Jul 13 49500 CE,14,25,0.05,0915-1530|1815-1915:,2023-07-06,2023-07-13,NSE:BANKNIFTY2371349500CE,10,11,41861,BANKNIFTY,49500.0,CE
101123071335032,BANKNIFTY 23 Jul 13 49600 CE,14,25,0.05,0915-1530|1815-1915:,2023-07-06,2023-07-13,NSE:BANKNIFTY2371349600CE,10,11,35032,BANKNIFTY,49600.0,CE
101123071335035,BANKNIFTY 23 Jul 13 49600 PE,14,25,0.05,0915-1530|1815-1915:,2023-07-06,2023-07-13,NSE:BANKNIFTY2371349600PE,10,11,35035,BANKNIFTY,49600.0,PE
101123071335037,BANKNIFTY 23 Jul 13 49700 PE,14,25,0.05,0915-1530|1815-1915:,2023-07-06,2023-07-13,NSE:BANKNIFTY2371349700PE,10,11,35037,BANKNIFTY,49700.0,PE
101123071335036,BANKNIFTY 23 Jul 13 49700 CE,14,25,0.05,0915-1530|1815-1915:,2023-07-06,2023-07-13,NSE:BANKNIFTY2371349700CE,10,11,35036,BANKNIFTY,49700.0,CE
101123071335207,BANKNIFTY 23 Jul 13 49800 PE,14,25,0.05,0915-1530|1815-1915:,2023-07-06,2023-07-13,NSE:BANKNIFTY2371349800PE,10,11,35207,BANKNIFTY,49800.0,PE
101123071335206,BANKNIFTY 23 Jul 13 49800 CE,14,25,0.05,0915-1530|1815-1915:,2023-07-06,2023-07-13,NSE:BANKNIFTY2371349800CE,10,11,35206,BANKNIFTY,49800.0,CE
101123071335208,BANKNIFTY 23 Jul 13 49900 CE,14,25,0.05,0915-1530|1815-1915:,2023-07-06,2023-07-13,NSE:BANKNIFTY2371349900CE,10,11,35208,BANKNIFTY,49900.0,CE
101123071335209,BANKNIFTY 23 Jul 13 49900 PE,14,25,0.05,0915-1530|1815-1915:,2023-07-06,2023-07-13,NSE:BANKNIFTY2371349900PE,10,11,35209,BANKNIFTY,49900.0,PE
101123071341878,BANKNIFTY 23 Jul 13 50000 PE,14,25,0.05,0915-1530|1815-1915:,2023-07-06,2023-07-13,NSE:BANKNIFTY2371350000PE,10,11,41878,BANKNIFTY,50000.0,PE
101123071341877,BANKNIFTY 23 Jul 13 50000 CE,14,25,0.05,0915-1530|1815-1915:,2023-07-06,2023-07-13,NSE:BANKNIFTY2371350000CE,10,11,41877,BANKNIFTY,50000.0,CE
101123071335212,BANKNIFTY 23 Jul 13 50100 PE,14,25,0.05,0915-1530|1815-1915:,2023-07-06,2023-07-13,NSE:BANKNIFTY2371350100PE,10,11,35212,BANKNIFTY,50100.0,PE
101123071335211,BANKNIFTY 23 Jul 13 50100 CE,14,25,0.05,0915-1530|1815-1915:,2023-07-06,2023-07-13,NSE:BANKNIFTY2371350100CE,10,11,35211,BANKNIFTY,50100.0,CE
101123071335221,BANKNIFTY 23 Jul 13 50200 CE,14,25,0.05,0915-1530|1815-1915:,2023-07-06,2023-07-13,NSE:BANKNIFTY2371350200CE,10,11,35221,BANKNIFTY,50200.0,CE
101123071335222,BANKNIFTY 23 Jul 13 50200 PE,14,25,0.05,0915-1530|1815-1915:,2023-07-06,2023-07-13,NSE:BANKNIFTY2371350200PE,10,11,35222,BANKNIFTY,50200.0,PE
101123071341835,BANKNIFTY 23 Jul 13 50300 PE,14,25,0.05,0915-1530|1815-1915:,2023-07-06,2023-07-13,NSE:BANKNIFTY2371350300PE,10,11,41835,BANKNIFTY,50300.0,PE
101123071341833,BANKNIFTY 23 Jul 13 50300 CE,14,25,0.05,0915-1530|1815-1915:,2023-07-06,2023-07-13,NSE:BANKNIFTY2371350300CE,10,11,41833,BANKNIFTY,50300.0,CE
101123071341880,BANKNIFTY 23 Jul 13 50500 PE,14,25,0.05,0915-1530|1815-1915:,2023-07-06,2023-07-13,NSE:BANKNIFTY2371350500PE,10,11,41880,BANKNIFTY,50500.0,PE
101123071341879,BANKNIFTY 23 Jul 13 50500 CE,14,25,0.05,0915-1530|1815-1915:,2023-07-06,2023-07-13,NSE:BANKNIFTY2371350500CE,10,11,41879,BANKNIFTY,50500.0,CE
101123071341882,BANKNIFTY 23 Jul 13 51000 PE,14,25,0.05,0915-1530|1815-1915:,2023-07-06,2023-07-13,NSE:BANKNIFTY2371351000PE,10,11,41882,BANKNIFTY,51000.0,PE
101123071341881,BANKNIFTY 23 Jul 13 51000 CE,14,25,0.05,0915-1530|1815-1915:,2023-07-06,2023-07-13,NSE:BANKNIFTY2371351000CE,10,11,41881,BANKNIFTY,51000.0,CE
101123071341888,BANKNIFTY 23 Jul 13 51500 PE,14,25,0.05,0915-1530|1815-1915:,2023-07-06,2023-07-13,NSE:BANKNIFTY2371351500PE,10,11,41888,BANKNIFTY,51500.0,PE
101123071341883,BANKNIFTY 23 Jul 13 51500 CE,14,25,0.05,0915-1530|1815-1915:,2023-07-06,2023-07-13,NSE:BANKNIFTY2371351500CE,10,11,41883,BANKNIFTY,51500.0,CE
101123071341902,BANKNIFTY 23 Jul 13 52000 PE,14,25,0.05,0915-1530|1815-1915:,2023-07-06,2023-07-13,NSE:BANKNIFTY2371352000PE,10,11,41902,BANKNIFTY,52000.0,PE
101123071341894,BANKNIFTY 23 Jul 13 52000 CE,14,25,0.05,0915-1530|1815-1915:,2023-07-06,2023-07-13,NSE:BANKNIFTY2371352000CE,10,11,41894,BANKNIFTY,52000.0,CE
101123071341903,BANKNIFTY 23 Jul 13 52500 CE,14,25,0.05,0915-1530|1815-1915:,2023-07-06,2023-07-13,NSE:BANKNIFTY2371352500CE,10,11,41903,BANKNIFTY,52500.0,CE
101123071341904,BANKNIFTY 23 Jul 13 52500 PE,14,25,0.05,0915-1530|1815-1915:,2023-07-06,2023-07-13,NSE:BANKNIFTY2371352500PE,10,11,41904,BANKNIFTY,52500.0,PE
101123071341916,BANKNIFTY 23 Jul 13 53000 PE,14,25,0.05,0915-1530|1815-1915:,2023-07-06,2023-07-13,NSE:BANKNIFTY2371353000PE,10,11,41916,BANKNIFTY,53000.0,PE
101123071341905,BANKNIFTY 23 Jul 13 53000 CE,14,25,0.05,0915-1530|1815-1915:,2023-07-06,2023-07-13,NSE:BANKNIFTY2371353000CE,10,11,41905,BANKNIFTY,53000.0,CE
101123071341917,BANKNIFTY 23 Jul 13 53500 CE,14,25,0.05,0915-1530|1815-1915:,2023-07-06,2023-07-13,NSE:BANKNIFTY2371353500CE,10,11,41917,BANKNIFTY,53500.0,CE
101123071341920,BANKNIFTY 23 Jul 13 53500 PE,14,25,0.05,0915-1530|1815-1915:,2023-07-06,2023-07-13,NSE:BANKNIFTY2371353500PE,10,11,41920,BANKNIFTY,53500.0,PE
101123071341921,BANKNIFTY 23 Jul 13 54000 CE,14,25,0.05,0915-1530|1815-1915:,2023-07-06,2023-07-13,NSE:BANKNIFTY2371354000CE,10,11,41921,BANKNIFTY,54000.0,CE
101123071341928,BANKNIFTY 23 Jul 13 54000 PE,14,25,0.05,0915-1530|1815-1915:,2023-07-06,2023-07-13,NSE:BANKNIFTY2371354000PE,10,11,41928,BANKNIFTY,54000.0,PE
101123071341938,BANKNIFTY 23 Jul 13 54500 PE,14,25,0.05,0915-1530|1815-1915:,2023-07-06,2023-07-13,NSE:BANKNIFTY2371354500PE,10,11,41938,BANKNIFTY,54500.0,PE
101123071341930,BANKNIFTY 23 Jul 13 54500 CE,14,25,0.05,0915-1530|1815-1915:,2023-07-06,2023-07-13,NSE:BANKNIFTY2371354500CE,10,11,41930,BANKNIFTY,54500.0,CE
101123071341949,BANKNIFTY 23 Jul 13 55000 PE,14,25,0.05,0915-1530|1815-1915:,2023-07-06,2023-07-13,NSE:BANKNIFTY2371355000PE,10,11,41949,BANKNIFTY,55000.0,PE
101123071341939,BANKNIFTY 23 Jul 13 55000 CE,14,25,0.05,0915-1530|1815-1915:,2023-07-06,2023-07-13,NSE:BANKNIFTY2371355000CE,10,11,41939,BANKNIFTY,55000.0,CE
101123071345229,BANKNIFTY 23 Jul 13 55500 CE,14,25,0.05,0915-1530|1815-1915:,2023-07-06,2023-07-13,NSE:BANKNIFTY2371355500CE,10,11,45229,BANKNIFTY,55500.0,CE
101123071345230,BANKNIFTY 23 Jul 13 55500 PE,14,25,0.05,0915-1530|1815-1915:,2023-07-06,2023-07-13,NSE:BANKNIFTY2371355500PE,10,11,45230,BANKNIFTY,55500.0,PE
101123071348863,BANKNIFTY 23 Jul 13 56000 CE,14,25,0.05,0915-1530|1815-1915:,2023-07-06,2023-07-13,NSE:BANKNIFTY2371356000CE,10,11,48863,BANKNIFTY,56000.0,CE
101123071348864,BANKNIFTY 23 Jul 13 56000 PE,14,25,0.05,0915-1530|1815-1915:,2023-07-06,2023-07-13,NSE:BANKNIFTY2371356000PE,10,11,48864,BANKNIFTY,56000.0,PE
101123071359034,BANKNIFTY 23 Jul 13 56500 CE,14,25,0.05,0915-1530|1815-1915:,2023-07-06,2023-07-13,NSE:BANKNIFTY2371356500CE,10,11,59034,BANKNIFTY,56500.0,CE
101123071359035,BANKNIFTY 23 Jul 13 56500 PE,14,25,0.05,0915-1530|1815-1915:,2023-07-06,2023-07-13,NSE:BANKNIFTY2371356500PE,10,11,59035,BANKNIFTY,56500.0,PE
101123071335516,BANKNIFTY 23 Jul 13 57000 CE,14,25,0.05,0915-1530|1815-1915:,2023-07-06,2023-07-13,NSE:BANKNIFTY2371357000CE,10,11,35516,BANKNIFTY,57000.0,CE
101123071335517,BANKNIFTY 23 Jul 13 57000 PE,14,25,0.05,0915-1530|1815-1915:,2023-07-06,2023-07-13,NSE:BANKNIFTY2371357000PE,10,11,35517,BANKNIFTY,57000.0,PE
101123071341841,BANKNIFTY 23 Jul 13 57500 PE,14,25,0.05,0915-1530|1815-1915:,2023-07-06,2023-07-13,NSE:BANKNIFTY2371357500PE,10,11,41841,BANKNIFTY,57500.0,PE
101123071341840,BANKNIFTY 23 Jul 13 57500 CE,14,25,0.05,0915-1530|1815-1915:,2023-07-06,2023-07-13,NSE:BANKNIFTY2371357500CE,10,11,41840,BANKNIFTY,57500.0,CE
