Date,Time,Open,High,Low,Close,Volume
2023-06-23,09:15:00,1371.2,1371.2,1371.2,1371.2,0.0
2023-06-23,09:18:00,1371.2,1371.2,1371.2,1371.2,0.0
2023-06-23,09:21:00,1371.2,1371.2,1371.2,1371.2,0.0
2023-06-23,09:24:00,1371.2,1371.2,1371.2,1371.2,0.0
2023-06-23,09:27:00,1371.2,1371.2,1371.2,1371.2,0.0
2023-06-23,09:30:00,1371.2,1371.2,1371.2,1371.2,0.0
2023-06-23,09:33:00,1371.2,1371.2,1371.2,1371.2,0.0
2023-06-23,09:36:00,1371.2,1371.2,1371.2,1371.2,0.0
2023-06-23,09:39:00,1371.2,1371.2,1371.2,1371.2,0.0
2023-06-23,09:42:00,1371.2,1371.2,1371.2,1371.2,0.0
2023-06-23,09:45:00,1371.2,1371.2,1371.2,1371.2,0.0
2023-06-23,09:48:00,1371.2,1371.2,1371.2,1371.2,0.0
2023-06-23,09:51:00,1371.2,1371.2,1371.2,1371.2,0.0
2023-06-23,09:54:00,1371.2,1371.2,1371.2,1371.2,0.0
2023-06-23,09:57:00,1371.2,1371.2,1371.2,1371.2,0.0
2023-06-23,10:00:00,1371.2,1371.2,1371.2,1371.2,0.0
2023-06-23,10:03:00,1371.2,1371.2,1371.2,1371.2,0.0
2023-06-23,10:06:00,1371.2,1371.2,1371.2,1371.2,0.0
2023-06-23,10:09:00,1371.2,1371.2,1371.2,1371.2,0.0
2023-06-23,10:12:00,1371.2,1371.2,1371.2,1371.2,0.0
2023-06-23,10:15:00,1371.2,1371.2,1371.2,1371.2,0.0
2023-06-23,10:18:00,1371.2,1371.2,1371.2,1371.2,0.0
2023-06-23,10:21:00,1371.2,1371.2,1371.2,1371.2,0.0
2023-06-23,10:24:00,1371.2,1371.2,1371.2,1371.2,0.0
2023-06-23,10:27:00,1371.2,1371.2,1371.2,1371.2,0.0
2023-06-23,10:30:00,1371.2,1371.2,1371.2,1371.2,0.0
2023-06-23,10:33:00,1371.2,1371.2,1371.2,1371.2,0.0
2023-06-23,10:36:00,1371.2,1371.2,1371.2,1371.2,0.0
2023-06-23,10:39:00,1371.2,1371.2,1371.2,1371.2,0.0
2023-06-23,10:42:00,1371.2,1371.2,1371.2,1371.2,0.0
2023-06-23,10:45:00,1371.2,1371.2,1371.2,1371.2,0.0
2023-06-23,10:48:00,1371.2,1371.2,1371.2,1371.2,0.0
2023-06-23,10:51:00,1371.2,1371.2,1371.2,1371.2,0.0
2023-06-23,10:54:00,1371.2,1371.2,1371.2,1371.2,0.0
2023-06-23,10:57:00,1371.2,1371.2,1371.2,1371.2,0.0
2023-06-23,11:00:00,1371.2,1371.2,1371.2,1371.2,0.0
2023-06-23,11:03:00,1371.2,1371.2,1371.2,1371.2,0.0
2023-06-23,11:06:00,1371.2,1371.2,1371.2,1371.2,0.0
2023-06-23,11:09:00,1371.2,1371.2,1371.2,1371.2,0.0
2023-06-23,11:12:00,1371.2,1371.2,1371.2,1371.2,0.0
2023-06-23,11:15:00,1371.2,1371.2,1371.2,1371.2,0.0
2023-06-23,11:18:00,1371.2,1371.2,1371.2,1371.2,0.0
2023-06-23,11:21:00,1371.2,1371.2,1371.2,1371.2,0.0
2023-06-23,11:24:00,1371.2,1371.2,1371.2,1371.2,0.0
2023-06-23,11:27:00,1371.2,1371.2,1371.2,1371.2,0.0
2023-06-23,11:30:00,1371.2,1371.2,1371.2,1371.2,0.0
2023-06-23,11:33:00,1371.2,1371.2,1371.2,1371.2,0.0
2023-06-23,11:36:00,1371.2,1371.2,1371.2,1371.2,0.0
2023-06-23,11:39:00,1371.2,1371.2,1371.2,1371.2,0.0
2023-06-23,11:42:00,1371.2,1371.2,1371.2,1371.2,0.0
2023-06-23,11:45:00,1371.2,1371.2,1371.2,1371.2,0.0
2023-06-23,11:48:00,1371.2,1371.2,1371.2,1371.2,0.0
2023-06-23,11:51:00,1371.2,1371.2,1371.2,1371.2,0.0
2023-06-23,11:54:00,1371.2,1371.2,1371.2,1371.2,0.0
2023-06-23,11:57:00,1371.2,1371.2,1371.2,1371.2,0.0
2023-06-23,12:00:00,1371.2,1371.2,1371.2,1371.2,0.0
2023-06-23,12:03:00,1371.2,1371.2,1371.2,1371.2,0.0
2023-06-23,12:06:00,1371.2,1371.2,1371.2,1371.2,0.0
2023-06-23,12:09:00,1371.2,1371.2,1371.2,1371.2,0.0
2023-06-23,12:12:00,1371.2,1371.2,1371.2,1371.2,0.0
2023-06-23,12:15:00,1371.2,1371.2,1371.2,1371.2,0.0
2023-06-23,12:18:00,1371.2,1371.2,1371.2,1371.2,0.0
2023-06-23,12:21:00,1371.2,1371.2,1371.2,1371.2,0.0
2023-06-23,12:24:00,1371.2,1371.2,1371.2,1371.2,0.0
2023-06-23,12:27:00,1371.2,1371.2,1371.2,1371.2,0.0
2023-06-23,12:30:00,1371.2,1371.2,1371.2,1371.2,0.0
2023-06-23,12:33:00,1371.2,1371.2,1371.2,1371.2,0.0
2023-06-23,12:36:00,1371.2,1371.2,1371.2,1371.2,0.0
2023-06-23,12:39:00,1371.2,1371.2,1371.2,1371.2,0.0
2023-06-23,12:42:00,1371.2,1371.2,1371.2,1371.2,0.0
2023-06-23,12:45:00,1371.2,1371.2,1371.2,1371.2,0.0
2023-06-23,12:48:00,1371.2,1371.2,1371.2,1371.2,0.0
2023-06-23,12:51:00,1371.2,1371.2,1371.2,1371.2,0.0
2023-06-23,12:54:00,1371.2,1371.2,1371.2,1371.2,0.0
2023-06-23,12:57:00,1371.2,1371.2,1371.2,1371.2,0.0
2023-06-23,13:00:00,1371.2,1371.2,1371.2,1371.2,0.0
2023-06-23,13:03:00,1371.2,1371.2,1371.2,1371.2,0.0
2023-06-23,13:06:00,1371.2,1371.2,1371.2,1371.2,0.0
2023-06-23,13:09:00,1371.2,1371.2,1371.2,1371.2,0.0
2023-06-23,13:12:00,1371.2,1371.2,1371.2,1371.2,0.0
2023-06-23,13:15:00,1371.2,1371.2,1371.2,1371.2,0.0
2023-06-23,13:18:00,1371.2,1371.2,1371.2,1371.2,0.0
2023-06-23,13:21:00,1371.2,1371.2,1371.2,1371.2,0.0
2023-06-23,13:24:00,1371.2,1371.2,1371.2,1371.2,0.0
2023-06-23,13:27:00,1371.2,1371.2,1371.2,1371.2,0.0
2023-06-23,13:30:00,1371.2,1371.2,1371.2,1371.2,0.0
2023-06-23,13:33:00,1371.2,1371.2,1371.2,1371.2,0.0
2023-06-23,13:36:00,1371.2,1371.2,1371.2,1371.2,0.0
2023-06-23,13:39:00,1371.2,1371.2,1371.2,1371.2,0.0
2023-06-23,13:42:00,1371.2,1371.2,1371.2,1371.2,0.0
2023-06-23,13:45:00,1371.2,1371.2,1371.2,1371.2,0.0
2023-06-23,13:48:00,1371.2,1371.2,1371.2,1371.2,0.0
2023-06-23,13:51:00,1371.2,1371.2,1371.2,1371.2,0.0
2023-06-23,13:54:00,1371.2,1371.2,1371.2,1371.2,0.0
2023-06-23,13:57:00,1371.2,1371.2,1371.2,1371.2,0.0
2023-06-23,14:00:00,1371.2,1371.2,1371.2,1371.2,0.0
2023-06-23,14:03:00,1371.2,1371.2,1371.2,1371.2,0.0
2023-06-23,14:06:00,1371.2,1371.2,1371.2,1371.2,0.0
2023-06-23,14:09:00,1371.2,1371.2,1371.2,1371.2,0.0
2023-06-23,14:12:00,1371.2,1371.2,1371.2,1371.2,0.0
2023-06-23,14:15:00,1371.2,1371.2,1371.2,1371.2,0.0
2023-06-23,14:18:00,1371.2,1371.2,1371.2,1371.2,0.0
2023-06-23,14:21:00,1371.2,1371.2,1371.2,1371.2,0.0
2023-06-23,14:24:00,1371.2,1371.2,1371.2,1371.2,0.0
2023-06-23,14:27:00,1371.2,1371.2,1371.2,1371.2,0.0
2023-06-23,14:30:00,1371.2,1371.2,1371.2,1371.2,0.0
2023-06-23,14:33:00,1371.2,1371.2,1371.2,1371.2,0.0
2023-06-23,14:36:00,1371.2,1371.2,1371.2,1371.2,0.0
2023-06-23,14:39:00,1371.2,1371.2,1371.2,1371.2,0.0
2023-06-23,14:42:00,1371.2,1371.2,1371.2,1371.2,0.0
2023-06-23,14:45:00,1371.2,1371.2,1371.2,1371.2,0.0
2023-06-23,14:48:00,1371.2,1371.2,1371.2,1371.2,0.0
2023-06-23,14:51:00,1371.2,1371.2,1371.2,1371.2,0.0
2023-06-23,14:54:00,1371.2,1371.2,1371.2,1371.2,0.0
2023-06-23,14:57:00,1371.2,1371.2,1371.2,1371.2,0.0
2023-06-23,15:00:00,1371.2,1371.2,1371.2,1371.2,0.0
2023-06-23,15:03:00,1371.2,1371.2,1371.2,1371.2,0.0
2023-06-23,15:06:00,1371.2,1371.2,1371.2,1371.2,0.0
2023-06-23,15:09:00,1371.2,1371.2,1371.2,1371.2,0.0
2023-06-23,15:12:00,1371.2,1371.2,1371.2,1371.2,0.0
2023-06-23,15:15:00,1371.2,1371.2,1371.2,1371.2,0.0
2023-06-23,15:18:00,1371.2,1371.2,1371.2,1371.2,0.0
2023-06-23,15:21:00,1371.2,1371.2,1371.2,1371.2,0.0
2023-06-23,15:24:00,1371.2,1371.2,1371.2,1371.2,0.0
2023-06-23,15:27:00,1371.2,1371.2,1371.2,1371.2,0.0
2023-06-26,09:15:00,1371.2,1371.2,1371.2,1371.2,0.0
2023-06-26,09:18:00,1371.2,1371.2,1371.2,1371.2,0.0
2023-06-26,09:21:00,1371.2,1371.2,1371.2,1371.2,0.0
2023-06-26,09:24:00,1371.2,1371.2,1371.2,1371.2,0.0
2023-06-26,09:27:00,1371.2,1371.2,1371.2,1371.2,0.0
2023-06-26,09:30:00,1371.2,1371.2,1371.2,1371.2,0.0
2023-06-26,09:33:00,1371.2,1371.2,1371.2,1371.2,0.0
2023-06-26,09:36:00,1371.2,1371.2,1371.2,1371.2,0.0
2023-06-26,09:39:00,1371.2,1371.2,1371.2,1371.2,0.0
2023-06-26,09:42:00,1371.2,1371.2,1371.2,1371.2,0.0
2023-06-26,09:45:00,1371.2,1371.2,1371.2,1371.2,0.0
2023-06-26,09:48:00,1371.2,1371.2,1371.2,1371.2,0.0
2023-06-26,09:51:00,1371.2,1371.2,1371.2,1371.2,0.0
2023-06-26,09:54:00,1371.2,1371.2,1371.2,1371.2,0.0
2023-06-26,09:57:00,1371.2,1371.2,1371.2,1371.2,0.0
2023-06-26,10:00:00,1371.2,1371.2,1371.2,1371.2,0.0
2023-06-26,10:03:00,1371.2,1371.2,1371.2,1371.2,0.0
2023-06-26,10:06:00,1371.2,1371.2,1371.2,1371.2,0.0
2023-06-26,10:09:00,1371.2,1371.2,1371.2,1371.2,0.0
2023-06-26,10:12:00,1371.2,1371.2,1371.2,1371.2,0.0
2023-06-26,10:15:00,1371.2,1371.2,1371.2,1371.2,0.0
2023-06-26,10:18:00,1371.2,1371.2,1371.2,1371.2,0.0
2023-06-26,10:21:00,1371.2,1371.2,1371.2,1371.2,0.0
2023-06-26,10:24:00,1371.2,1371.2,1371.2,1371.2,0.0
2023-06-26,10:27:00,1371.2,1371.2,1371.2,1371.2,0.0
2023-06-26,10:30:00,1371.2,1371.2,1371.2,1371.2,0.0
2023-06-26,10:33:00,1371.2,1371.2,1371.2,1371.2,0.0
2023-06-26,10:36:00,1371.2,1371.2,1371.2,1371.2,0.0
2023-06-26,10:39:00,1371.2,1371.2,1371.2,1371.2,0.0
2023-06-26,10:42:00,1371.2,1371.2,1371.2,1371.2,0.0
2023-06-26,10:45:00,1371.2,1371.2,1371.2,1371.2,0.0
2023-06-26,10:48:00,1371.2,1371.2,1371.2,1371.2,0.0
2023-06-26,10:51:00,1371.2,1371.2,1371.2,1371.2,0.0
2023-06-26,10:54:00,1371.2,1371.2,1371.2,1371.2,0.0
2023-06-26,10:57:00,1371.2,1371.2,1371.2,1371.2,0.0
2023-06-26,11:00:00,1371.2,1371.2,1371.2,1371.2,0.0
2023-06-26,11:03:00,1371.2,1371.2,1371.2,1371.2,0.0
2023-06-26,11:06:00,1371.2,1371.2,1371.2,1371.2,0.0
2023-06-26,11:09:00,1371.2,1371.2,1371.2,1371.2,0.0
2023-06-26,11:12:00,1371.2,1371.2,1371.2,1371.2,0.0
2023-06-26,11:15:00,1371.2,1371.2,1371.2,1371.2,0.0
2023-06-26,11:18:00,1371.2,1371.2,1371.2,1371.2,0.0
2023-06-26,11:21:00,1371.2,1371.2,1371.2,1371.2,0.0
2023-06-26,11:24:00,1371.2,1371.2,1371.2,1371.2,0.0
2023-06-26,11:27:00,1371.2,1371.2,1371.2,1371.2,0.0
2023-06-26,11:30:00,1371.2,1371.2,1371.2,1371.2,0.0
2023-06-26,11:33:00,1371.2,1371.2,1371.2,1371.2,0.0
2023-06-26,11:36:00,1371.2,1371.2,1371.2,1371.2,0.0
2023-06-26,11:39:00,1371.2,1371.2,1371.2,1371.2,0.0
2023-06-26,11:42:00,1371.2,1371.2,1371.2,1371.2,0.0
2023-06-26,11:45:00,1371.2,1371.2,1371.2,1371.2,0.0
2023-06-26,11:48:00,1371.2,1371.2,1371.2,1371.2,0.0
2023-06-26,11:51:00,1371.2,1371.2,1371.2,1371.2,0.0
2023-06-26,11:54:00,1371.2,1371.2,1371.2,1371.2,0.0
2023-06-26,11:57:00,1371.2,1371.2,1371.2,1371.2,0.0
2023-06-26,12:00:00,1371.2,1371.2,1371.2,1371.2,0.0
2023-06-26,12:03:00,1371.2,1371.2,1371.2,1371.2,0.0
2023-06-26,12:06:00,1371.2,1371.2,1371.2,1371.2,0.0
2023-06-26,12:09:00,1371.2,1371.2,1371.2,1371.2,0.0
2023-06-26,12:12:00,1371.2,1371.2,1371.2,1371.2,0.0
2023-06-26,12:15:00,1371.2,1371.2,1371.2,1371.2,0.0
2023-06-26,12:18:00,1371.2,1371.2,1371.2,1371.2,0.0
2023-06-26,12:21:00,1371.2,1371.2,1371.2,1371.2,0.0
2023-06-26,12:24:00,1371.2,1371.2,1371.2,1371.2,0.0
2023-06-26,12:27:00,1371.2,1371.2,1371.2,1371.2,0.0
2023-06-26,12:30:00,1371.2,1371.2,1371.2,1371.2,0.0
2023-06-26,12:33:00,1371.2,1371.2,1371.2,1371.2,0.0
2023-06-26,12:36:00,1371.2,1371.2,1371.2,1371.2,0.0
2023-06-26,12:39:00,1371.2,1371.2,1371.2,1371.2,0.0
2023-06-26,12:42:00,1371.2,1371.2,1371.2,1371.2,0.0
2023-06-26,12:45:00,1371.2,1371.2,1371.2,1371.2,0.0
2023-06-26,12:48:00,1371.2,1371.2,1371.2,1371.2,0.0
2023-06-26,12:51:00,1371.2,1371.2,1371.2,1371.2,0.0
2023-06-26,12:54:00,1371.2,1371.2,1371.2,1371.2,0.0
2023-06-26,12:57:00,1371.2,1371.2,1371.2,1371.2,0.0
2023-06-26,13:00:00,1371.2,1371.2,1371.2,1371.2,0.0
2023-06-26,13:03:00,1371.2,1371.2,1371.2,1371.2,0.0
2023-06-26,13:06:00,1371.2,1371.2,1371.2,1371.2,0.0
2023-06-26,13:09:00,1371.2,1371.2,1371.2,1371.2,0.0
2023-06-26,13:12:00,1371.2,1371.2,1371.2,1371.2,0.0
2023-06-26,13:15:00,1371.2,1371.2,1371.2,1371.2,0.0
2023-06-26,13:18:00,1371.2,1371.2,1371.2,1371.2,0.0
2023-06-26,13:21:00,1371.2,1371.2,1371.2,1371.2,0.0
2023-06-26,13:24:00,1371.2,1371.2,1371.2,1371.2,0.0
2023-06-26,13:27:00,1371.2,1371.2,1371.2,1371.2,0.0
2023-06-26,13:30:00,1371.2,1371.2,1371.2,1371.2,0.0
2023-06-26,13:33:00,1371.2,1371.2,1371.2,1371.2,0.0
2023-06-26,13:36:00,1371.2,1371.2,1371.2,1371.2,0.0
2023-06-26,13:39:00,1371.2,1371.2,1371.2,1371.2,0.0
2023-06-26,13:42:00,1371.2,1371.2,1371.2,1371.2,0.0
2023-06-26,13:45:00,1371.2,1371.2,1371.2,1371.2,0.0
2023-06-26,13:48:00,1371.2,1371.2,1371.2,1371.2,0.0
2023-06-26,13:51:00,1371.2,1371.2,1371.2,1371.2,0.0
2023-06-26,13:54:00,1371.2,1371.2,1371.2,1371.2,0.0
2023-06-26,13:57:00,1371.2,1371.2,1371.2,1371.2,0.0
2023-06-26,14:00:00,1371.2,1371.2,1371.2,1371.2,0.0
2023-06-26,14:03:00,1371.2,1371.2,1371.2,1371.2,0.0
2023-06-26,14:06:00,1371.2,1371.2,1371.2,1371.2,0.0
2023-06-26,14:09:00,1371.2,1371.2,1371.2,1371.2,0.0
2023-06-26,14:12:00,1371.2,1371.2,1371.2,1371.2,0.0
2023-06-26,14:15:00,1371.2,1371.2,1371.2,1371.2,0.0
2023-06-26,14:18:00,1371.2,1371.2,1371.2,1371.2,0.0
2023-06-26,14:21:00,1371.2,1371.2,1371.2,1371.2,0.0
2023-06-26,14:24:00,1371.2,1371.2,1371.2,1371.2,0.0
2023-06-26,14:27:00,1371.2,1371.2,1371.2,1371.2,0.0
2023-06-26,14:30:00,1371.2,1371.2,1371.2,1371.2,0.0
2023-06-26,14:33:00,1371.2,1371.2,1371.2,1371.2,0.0
2023-06-26,14:36:00,1371.2,1371.2,1371.2,1371.2,0.0
2023-06-26,14:39:00,1371.2,1371.2,1371.2,1371.2,0.0
2023-06-26,14:42:00,1371.2,1371.2,1371.2,1371.2,0.0
2023-06-26,14:45:00,1371.2,1371.2,1371.2,1371.2,0.0
2023-06-26,14:48:00,1371.2,1371.2,1371.2,1371.2,0.0
2023-06-26,14:51:00,1371.2,1371.2,1371.2,1371.2,0.0
2023-06-26,14:54:00,1371.2,1371.2,1371.2,1371.2,0.0
2023-06-26,14:57:00,1371.2,1371.2,1371.2,1371.2,0.0
2023-06-26,15:00:00,1371.2,1371.2,1371.2,1371.2,0.0
2023-06-26,15:03:00,1371.2,1371.2,1371.2,1371.2,0.0
2023-06-26,15:06:00,1371.2,1371.2,1371.2,1371.2,0.0
2023-06-26,15:09:00,1371.2,1371.2,1371.2,1371.2,0.0
2023-06-26,15:12:00,1371.2,1371.2,1371.2,1371.2,0.0
2023-06-26,15:15:00,1371.2,1371.2,1371.2,1371.2,0.0
2023-06-26,15:18:00,1371.2,1371.2,1371.2,1371.2,0.0
2023-06-26,15:21:00,1371.2,1371.2,1371.2,1371.2,0.0
2023-06-26,15:24:00,1371.2,1371.2,1371.2,1371.2,0.0
2023-06-26,15:27:00,1371.2,1371.2,1371.2,1371.2,0.0
2023-06-27,09:15:00,1371.2,1371.2,1371.2,1371.2,0.0
2023-06-27,09:18:00,0.0,1371.2,1371.2,1371.2,0.0
2023-06-27,09:21:00,1371.2,1371.2,1371.2,1371.2,0.0
2023-06-27,09:24:00,1371.2,1371.2,1371.2,1371.2,0.0
2023-06-27,09:27:00,1371.2,1371.2,1371.2,1371.2,0.0
2023-06-27,09:30:00,1371.2,1371.2,1371.2,1371.2,0.0
2023-06-27,09:33:00,1371.2,1371.2,1371.2,1371.2,0.0
2023-06-27,09:36:00,1371.2,1371.2,1371.2,1371.2,0.0
2023-06-27,09:39:00,1371.2,1371.2,1371.2,1371.2,0.0
2023-06-27,09:42:00,1371.2,1371.2,1371.2,1371.2,0.0
2023-06-27,09:45:00,1371.2,1371.2,1371.2,1371.2,0.0
2023-06-27,09:48:00,1371.2,1371.2,1371.2,1371.2,0.0
2023-06-27,09:51:00,1371.2,1371.2,1371.2,1371.2,0.0
2023-06-27,09:54:00,1371.2,1371.2,1371.2,1371.2,0.0
2023-06-27,09:57:00,1371.2,1371.2,1371.2,1371.2,0.0
2023-06-27,10:00:00,1371.2,1371.2,1371.2,1371.2,0.0
2023-06-27,10:03:00,1371.2,1371.2,1371.2,1371.2,0.0
2023-06-27,10:06:00,1371.2,1371.2,1371.2,1371.2,0.0
2023-06-27,10:09:00,1371.2,1371.2,1371.2,1371.2,0.0
2023-06-27,10:12:00,1371.2,1371.2,1371.2,1371.2,0.0
2023-06-27,10:15:00,1371.2,1371.2,1371.2,1371.2,0.0
2023-06-27,10:18:00,1371.2,1371.2,1371.2,1371.2,0.0
2023-06-27,10:21:00,1371.2,1371.2,1371.2,1371.2,0.0
2023-06-27,10:24:00,1371.2,1371.2,1371.2,1371.2,0.0
2023-06-27,10:27:00,1371.2,1371.2,1371.2,1371.2,0.0
2023-06-27,10:30:00,1371.2,1371.2,1371.2,1371.2,0.0
2023-06-27,10:33:00,1371.2,1371.2,1371.2,1371.2,0.0
2023-06-27,10:36:00,1371.2,1371.2,1371.2,1371.2,0.0
2023-06-27,10:39:00,1371.2,1371.2,1371.2,1371.2,0.0
2023-06-27,10:42:00,1371.2,1371.2,1371.2,1371.2,0.0
2023-06-27,10:45:00,1371.2,1371.2,1371.2,1371.2,0.0
2023-06-27,10:48:00,1371.2,1371.2,1371.2,1371.2,0.0
2023-06-27,10:51:00,1371.2,1371.2,1371.2,1371.2,0.0
2023-06-27,10:54:00,1371.2,1371.2,1371.2,1371.2,0.0
2023-06-27,10:57:00,1371.2,1371.2,1371.2,1371.2,0.0
2023-06-27,11:00:00,1371.2,1371.2,1371.2,1371.2,0.0
2023-06-27,11:03:00,1371.2,1371.2,1371.2,1371.2,0.0
2023-06-27,11:06:00,1371.2,1371.2,1371.2,1371.2,0.0
2023-06-27,11:09:00,1371.2,1371.2,1371.2,1371.2,0.0
2023-06-27,11:12:00,1371.2,1371.2,1371.2,1371.2,0.0
2023-06-27,11:15:00,1371.2,1371.2,1371.2,1371.2,0.0
2023-06-27,11:18:00,1371.2,1371.2,1371.2,1371.2,0.0
2023-06-27,11:21:00,1371.2,1371.2,1371.2,1371.2,0.0
2023-06-27,11:24:00,1371.2,1371.2,1371.2,1371.2,0.0
2023-06-27,11:27:00,1371.2,1371.2,1371.2,1371.2,0.0
2023-06-27,11:30:00,1371.2,1371.2,1371.2,1371.2,0.0
2023-06-27,11:33:00,1371.2,1371.2,1371.2,1371.2,0.0
2023-06-27,11:36:00,1371.2,1371.2,1371.2,1371.2,0.0
2023-06-27,11:39:00,1371.2,1371.2,1371.2,1371.2,0.0
2023-06-27,11:42:00,1371.2,1371.2,1371.2,1371.2,0.0
2023-06-27,11:45:00,1371.2,1371.2,1371.2,1371.2,0.0
2023-06-27,11:48:00,1371.2,1371.2,1371.2,1371.2,0.0
2023-06-27,11:51:00,1371.2,1371.2,1371.2,1371.2,0.0
2023-06-27,11:54:00,1371.2,1371.2,1371.2,1371.2,0.0
2023-06-27,11:57:00,1371.2,1371.2,1371.2,1371.2,0.0
2023-06-27,12:00:00,1371.2,1371.2,1371.2,1371.2,0.0
2023-06-27,12:03:00,1371.2,1371.2,1371.2,1371.2,0.0
2023-06-27,12:06:00,1371.2,1371.2,1371.2,1371.2,0.0
2023-06-27,12:09:00,1371.2,1371.2,1371.2,1371.2,0.0
2023-06-27,12:12:00,1371.2,1371.2,1371.2,1371.2,0.0
2023-06-27,12:15:00,1371.2,1371.2,1371.2,1371.2,0.0
2023-06-27,12:18:00,1371.2,1371.2,1371.2,1371.2,0.0
2023-06-27,12:21:00,1371.2,1371.2,1371.2,1371.2,0.0
2023-06-27,12:24:00,1371.2,1371.2,1371.2,1371.2,0.0
2023-06-27,12:27:00,1371.2,1371.2,1371.2,1371.2,0.0
2023-06-27,12:30:00,1371.2,1371.2,1371.2,1371.2,0.0
2023-06-27,12:33:00,1371.2,1371.2,1371.2,1371.2,0.0
2023-06-27,12:36:00,1371.2,1371.2,1371.2,1371.2,0.0
2023-06-27,12:39:00,1371.2,1371.2,1371.2,1371.2,0.0
2023-06-27,12:42:00,1371.2,1371.2,1371.2,1371.2,0.0
2023-06-27,12:45:00,1371.2,1371.2,1371.2,1371.2,0.0
2023-06-27,12:48:00,1371.2,1371.2,1371.2,1371.2,0.0
2023-06-27,12:51:00,1371.2,1371.2,1371.2,1371.2,0.0
2023-06-27,12:54:00,1371.2,1371.2,1371.2,1371.2,0.0
2023-06-27,12:57:00,1371.2,1371.2,1371.2,1371.2,0.0
2023-06-27,13:00:00,1371.2,1371.2,1371.2,1371.2,0.0
2023-06-27,13:03:00,1371.2,1371.2,1371.2,1371.2,0.0
2023-06-27,13:06:00,1371.2,1371.2,1371.2,1371.2,0.0
2023-06-27,13:09:00,1371.2,1371.2,1371.2,1371.2,0.0
2023-06-27,13:12:00,1371.2,1371.2,1371.2,1371.2,0.0
2023-06-27,13:15:00,1371.2,1371.2,1371.2,1371.2,0.0
2023-06-27,13:18:00,1371.2,1371.2,1371.2,1371.2,0.0
2023-06-27,13:21:00,1371.2,1371.2,1371.2,1371.2,0.0
2023-06-27,13:24:00,1371.2,1371.2,1371.2,1371.2,0.0
2023-06-27,13:27:00,1371.2,1371.2,1371.2,1371.2,0.0
2023-06-27,13:30:00,1371.2,1371.2,1371.2,1371.2,0.0
2023-06-27,13:33:00,1371.2,1371.2,1371.2,1371.2,0.0
2023-06-27,13:36:00,1371.2,1371.2,1371.2,1371.2,0.0
2023-06-27,13:39:00,1371.2,1371.2,1371.2,1371.2,0.0
2023-06-27,13:42:00,1371.2,1371.2,1371.2,1371.2,0.0
2023-06-27,13:45:00,1371.2,1371.2,1371.2,1371.2,0.0
2023-06-27,13:48:00,1371.2,1371.2,1371.2,1371.2,0.0
2023-06-27,13:51:00,1371.2,1371.2,1371.2,1371.2,0.0
2023-06-27,13:54:00,1371.2,1371.2,1371.2,1371.2,0.0
2023-06-27,13:57:00,1371.2,1371.2,1371.2,1371.2,0.0
2023-06-27,14:00:00,1371.2,1371.2,1371.2,1371.2,0.0
2023-06-27,14:03:00,1371.2,1371.2,1371.2,1371.2,0.0
2023-06-27,14:06:00,1371.2,1371.2,1371.2,1371.2,0.0
2023-06-27,14:09:00,1371.2,1371.2,1371.2,1371.2,0.0
2023-06-27,14:12:00,1371.2,1371.2,1371.2,1371.2,0.0
2023-06-27,14:15:00,1371.2,1371.2,1371.2,1371.2,0.0
2023-06-27,14:18:00,1371.2,1371.2,1371.2,1371.2,0.0
2023-06-27,14:21:00,1371.2,1371.2,1371.2,1371.2,0.0
2023-06-27,14:24:00,1371.2,1371.2,1371.2,1371.2,0.0
2023-06-27,14:27:00,1371.2,1371.2,1371.2,1371.2,0.0
2023-06-27,14:30:00,1371.2,1371.2,1371.2,1371.2,0.0
2023-06-27,14:33:00,1371.2,1371.2,1371.2,1371.2,0.0
2023-06-27,14:36:00,1371.2,1371.2,1371.2,1371.2,0.0
2023-06-27,14:39:00,1371.2,1371.2,1371.2,1371.2,0.0
2023-06-27,14:42:00,1371.2,1371.2,1371.2,1371.2,0.0
2023-06-27,14:45:00,1371.2,1371.2,1371.2,1371.2,0.0
2023-06-27,14:48:00,1371.2,1371.2,1371.2,1371.2,0.0
2023-06-27,14:51:00,1371.2,1371.2,1371.2,1371.2,0.0
2023-06-27,14:54:00,1371.2,1371.2,1371.2,1371.2,0.0
2023-06-27,14:57:00,1371.2,1371.2,1371.2,1371.2,0.0
2023-06-27,15:00:00,1371.2,1371.2,1371.2,1371.2,0.0
2023-06-27,15:03:00,1371.2,1371.2,1371.2,1371.2,0.0
2023-06-27,15:06:00,1371.2,1371.2,1371.2,1371.2,0.0
2023-06-27,15:09:00,1371.2,1371.2,1371.2,1371.2,0.0
2023-06-27,15:12:00,1371.2,1371.2,1371.2,1371.2,0.0
2023-06-27,15:15:00,1371.2,1371.2,1371.2,1371.2,0.0
2023-06-27,15:18:00,1371.2,1371.2,1371.2,1371.2,0.0
2023-06-27,15:21:00,1371.2,1371.2,1371.2,1371.2,0.0
2023-06-27,15:24:00,1371.2,1371.2,1371.2,1371.2,0.0
2023-06-27,15:27:00,1371.2,1371.2,1371.2,1371.2,0.0
2023-06-28,09:15:00,1371.2,1371.2,1371.2,1371.2,0.0
2023-06-28,09:18:00,1371.2,1371.2,1371.2,1371.2,0.0
2023-06-28,09:21:00,1371.2,1371.2,1371.2,1371.2,0.0
2023-06-28,09:24:00,1371.2,1371.2,1371.2,1371.2,0.0
2023-06-28,09:27:00,1371.2,1371.2,1371.2,1371.2,0.0
2023-06-28,09:30:00,1371.2,1371.2,1371.2,1371.2,0.0
2023-06-28,09:33:00,1371.2,1371.2,1371.2,1371.2,0.0
2023-06-28,09:36:00,1371.2,1371.2,1371.2,1371.2,0.0
2023-06-28,09:39:00,1371.2,1371.2,1371.2,1371.2,0.0
2023-06-28,09:42:00,1371.2,1371.2,1371.2,1371.2,0.0
2023-06-28,09:45:00,1371.2,1371.2,1371.2,1371.2,0.0
2023-06-28,09:48:00,1371.2,1371.2,1371.2,1371.2,0.0
2023-06-28,09:51:00,1371.2,1371.2,1371.2,1371.2,0.0
2023-06-28,09:54:00,1371.2,1371.2,1371.2,1371.2,0.0
2023-06-28,09:57:00,1371.2,1371.2,1371.2,1371.2,0.0
2023-06-28,10:00:00,1371.2,1371.2,1371.2,1371.2,0.0
2023-06-28,10:03:00,1371.2,1371.2,1371.2,1371.2,0.0
2023-06-28,10:06:00,1371.2,1371.2,1371.2,1371.2,0.0
2023-06-28,10:09:00,1371.2,1371.2,1371.2,1371.2,0.0
2023-06-28,10:12:00,1371.2,1371.2,1371.2,1371.2,0.0
2023-06-28,10:15:00,1371.2,1371.2,1371.2,1371.2,0.0
2023-06-28,10:18:00,1371.2,1371.2,1371.2,1371.2,0.0
2023-06-28,10:21:00,1371.2,1371.2,1371.2,1371.2,0.0
2023-06-28,10:24:00,1371.2,1371.2,1371.2,1371.2,0.0
2023-06-28,10:27:00,1371.2,1371.2,1371.2,1371.2,0.0
2023-06-28,10:30:00,1371.2,1371.2,1371.2,1371.2,0.0
2023-06-28,10:33:00,1371.2,1371.2,1371.2,1371.2,0.0
2023-06-28,10:36:00,1371.2,1371.2,1371.2,1371.2,0.0
2023-06-28,10:39:00,1371.2,1371.2,1371.2,1371.2,0.0
2023-06-28,10:42:00,1371.2,1371.2,1371.2,1371.2,0.0
2023-06-28,10:45:00,1371.2,1371.2,1371.2,1371.2,0.0
2023-06-28,10:48:00,1371.2,1371.2,1371.2,1371.2,0.0
2023-06-28,10:51:00,1371.2,1371.2,1371.2,1371.2,0.0
2023-06-28,10:54:00,1371.2,1371.2,1371.2,1371.2,0.0
2023-06-28,10:57:00,1371.2,1371.2,1371.2,1371.2,0.0
2023-06-28,11:00:00,1371.2,1371.2,1371.2,1371.2,0.0
2023-06-28,11:03:00,1371.2,1371.2,1371.2,1371.2,0.0
2023-06-28,11:06:00,1371.2,1371.2,1371.2,1371.2,0.0
2023-06-28,11:09:00,1371.2,1371.2,1371.2,1371.2,0.0
2023-06-28,11:12:00,1371.2,1371.2,1371.2,1371.2,0.0
2023-06-28,11:15:00,1371.2,1371.2,1371.2,1371.2,0.0
2023-06-28,11:18:00,1371.2,1371.2,1371.2,1371.2,0.0
2023-06-28,11:21:00,1371.2,1371.2,1371.2,1371.2,0.0
2023-06-28,11:24:00,1371.2,1371.2,1371.2,1371.2,0.0
2023-06-28,11:27:00,1371.2,1371.2,1371.2,1371.2,0.0
2023-06-28,11:30:00,1371.2,1371.2,1371.2,1371.2,0.0
2023-06-28,11:33:00,1371.2,1371.2,1371.2,1371.2,0.0
2023-06-28,11:36:00,1371.2,1371.2,1371.2,1371.2,0.0
2023-06-28,11:39:00,1371.2,1371.2,1371.2,1371.2,0.0
2023-06-28,11:42:00,1371.2,1371.2,1371.2,1371.2,0.0
2023-06-28,11:45:00,1371.2,1371.2,1371.2,1371.2,0.0
2023-06-28,11:48:00,1371.2,1371.2,1371.2,1371.2,0.0
2023-06-28,11:51:00,1371.2,1371.2,1371.2,1371.2,0.0
2023-06-28,11:54:00,1371.2,1371.2,1371.2,1371.2,0.0
2023-06-28,11:57:00,1371.2,1371.2,1371.2,1371.2,0.0
2023-06-28,12:00:00,1371.2,1371.2,1371.2,1371.2,0.0
2023-06-28,12:03:00,1371.2,1371.2,1371.2,1371.2,0.0
2023-06-28,12:06:00,1371.2,1371.2,1371.2,1371.2,0.0
2023-06-28,12:09:00,1371.2,1371.2,1371.2,1371.2,0.0
2023-06-28,12:12:00,1371.2,1371.2,1371.2,1371.2,0.0
2023-06-28,12:15:00,1371.2,1371.2,1371.2,1371.2,0.0
2023-06-28,12:18:00,1371.2,1371.2,1371.2,1371.2,0.0
2023-06-28,12:21:00,1371.2,1371.2,1371.2,1371.2,0.0
2023-06-28,12:24:00,1371.2,1371.2,1371.2,1371.2,0.0
2023-06-28,12:27:00,1371.2,1371.2,1371.2,1371.2,0.0
2023-06-28,12:30:00,1371.2,1371.2,1371.2,1371.2,0.0
2023-06-28,12:33:00,1371.2,1371.2,1371.2,1371.2,0.0
2023-06-28,12:36:00,1371.2,1371.2,1371.2,1371.2,0.0
2023-06-28,12:39:00,1371.2,1371.2,1371.2,1371.2,0.0
2023-06-28,12:42:00,1371.2,1371.2,1371.2,1371.2,0.0
2023-06-28,12:45:00,1371.2,1371.2,1371.2,1371.2,0.0
2023-06-28,12:48:00,1371.2,1371.2,1371.2,1371.2,0.0
2023-06-28,12:51:00,1371.2,1371.2,1371.2,1371.2,0.0
2023-06-28,12:54:00,1371.2,1371.2,1371.2,1371.2,0.0
2023-06-28,12:57:00,1371.2,1371.2,1371.2,1371.2,0.0
2023-06-28,13:00:00,1371.2,1371.2,1371.2,1371.2,0.0
2023-06-28,13:03:00,1371.2,1371.2,1371.2,1371.2,0.0
2023-06-28,13:06:00,1371.2,1371.2,1371.2,1371.2,0.0
2023-06-28,13:09:00,1371.2,1371.2,1371.2,1371.2,0.0
2023-06-28,13:12:00,1371.2,1371.2,1371.2,1371.2,0.0
2023-06-28,13:15:00,1371.2,1371.2,1371.2,1371.2,0.0
2023-06-28,13:18:00,1371.2,1371.2,1371.2,1371.2,0.0
2023-06-28,13:21:00,1371.2,1371.2,1371.2,1371.2,0.0
2023-06-28,13:24:00,1371.2,1371.2,1371.2,1371.2,0.0
2023-06-28,13:27:00,1371.2,1371.2,1371.2,1371.2,0.0
2023-06-28,13:30:00,1371.2,1371.2,1371.2,1371.2,0.0
2023-06-28,13:33:00,1371.2,1371.2,1371.2,1371.2,0.0
2023-06-28,13:36:00,1371.2,1371.2,1371.2,1371.2,0.0
2023-06-28,13:39:00,1371.2,1371.2,1371.2,1371.2,0.0
2023-06-28,13:42:00,1371.2,1371.2,1371.2,1371.2,0.0
2023-06-28,13:45:00,1371.2,1371.2,1371.2,1371.2,0.0
2023-06-28,13:48:00,1371.2,1371.2,1371.2,1371.2,0.0
2023-06-28,13:51:00,1371.2,1371.2,1371.2,1371.2,0.0
2023-06-28,13:54:00,1371.2,1371.2,1371.2,1371.2,0.0
2023-06-28,13:57:00,1371.2,1371.2,1371.2,1371.2,0.0
2023-06-28,14:00:00,1371.2,1371.2,1371.2,1371.2,0.0
2023-06-28,14:03:00,1371.2,1371.2,1371.2,1371.2,0.0
2023-06-28,14:06:00,1371.2,1371.2,1371.2,1371.2,0.0
2023-06-28,14:09:00,1371.2,1371.2,1371.2,1371.2,0.0
2023-06-28,14:12:00,1371.2,1371.2,1371.2,1371.2,0.0
2023-06-28,14:15:00,1371.2,1371.2,1371.2,1371.2,0.0
2023-06-28,14:18:00,1371.2,1371.2,1371.2,1371.2,0.0
2023-06-28,14:21:00,1371.2,1371.2,1371.2,1371.2,0.0
2023-06-28,14:24:00,1371.2,1371.2,1371.2,1371.2,0.0
2023-06-28,14:27:00,1371.2,1371.2,1371.2,1371.2,0.0
2023-06-28,14:30:00,1371.2,1371.2,1371.2,1371.2,0.0
2023-06-28,14:33:00,1371.2,1371.2,1371.2,1371.2,0.0
2023-06-28,14:36:00,1371.2,1371.2,1371.2,1371.2,0.0
2023-06-28,14:39:00,1371.2,1371.2,1371.2,1371.2,0.0
2023-06-28,14:42:00,1371.2,1371.2,1371.2,1371.2,0.0
2023-06-28,14:45:00,1371.2,1371.2,1371.2,1371.2,0.0
2023-06-28,14:48:00,1371.2,1371.2,1371.2,1371.2,0.0
2023-06-28,14:51:00,1371.2,1371.2,1371.2,1371.2,0.0
2023-06-28,14:54:00,1371.2,1371.2,1371.2,1371.2,0.0
2023-06-28,14:57:00,1371.2,1371.2,1371.2,1371.2,0.0
2023-06-28,15:00:00,1371.2,1371.2,1371.2,1371.2,0.0
2023-06-28,15:03:00,1371.2,1371.2,1371.2,1371.2,0.0
2023-06-28,15:06:00,1371.2,1371.2,1371.2,1371.2,0.0
2023-06-28,15:09:00,1371.2,1371.2,1371.2,1371.2,0.0
2023-06-28,15:12:00,1371.2,1371.2,1371.2,1371.2,0.0
2023-06-28,15:15:00,1371.2,1371.2,1371.2,1371.2,0.0
2023-06-28,15:18:00,1371.2,1371.2,1371.2,1371.2,0.0
2023-06-28,15:21:00,1371.2,1371.2,1371.2,1371.2,0.0
2023-06-28,15:24:00,1371.2,1371.2,1371.2,1371.2,0.0
2023-06-28,15:27:00,1371.2,1371.2,1371.2,1371.2,0.0
2023-06-30,09:15:00,1371.2,1371.2,1371.2,1371.2,0.0
2023-06-30,09:18:00,0.0,0.0,1371.2,1371.2,0.0
2023-06-30,09:21:00,0.0,0.0,1371.2,1371.2,0.0
2023-06-30,09:24:00,0.0,0.0,1371.2,1371.2,0.0
2023-06-30,09:27:00,0.0,0.0,1371.2,1371.2,0.0
2023-06-30,09:30:00,0.0,1371.2,1371.2,1371.2,0.0
2023-06-30,09:33:00,1371.2,1371.2,1371.2,1371.2,0.0
2023-06-30,09:36:00,1371.2,1371.2,1371.2,1371.2,0.0
2023-06-30,09:39:00,1371.2,1371.2,1371.2,1371.2,0.0
2023-06-30,09:42:00,1371.2,1371.2,1371.2,1371.2,0.0
2023-06-30,09:45:00,1371.2,1371.2,1371.2,1371.2,0.0
2023-06-30,09:48:00,1371.2,1371.2,1371.2,1371.2,0.0
2023-06-30,09:51:00,1371.2,1371.2,1371.2,1371.2,0.0
2023-06-30,09:54:00,1371.2,1371.2,1371.2,1371.2,0.0
2023-06-30,09:57:00,1371.2,1371.2,1371.2,1371.2,0.0
2023-06-30,10:00:00,1371.2,1371.2,1371.2,1371.2,0.0
2023-06-30,10:03:00,1371.2,1371.2,1371.2,1371.2,0.0
2023-06-30,10:06:00,1371.2,1371.2,1371.2,1371.2,0.0
2023-06-30,10:09:00,1371.2,1371.2,1371.2,1371.2,0.0
2023-06-30,10:12:00,1371.2,1371.2,1371.2,1371.2,0.0
2023-06-30,10:15:00,1371.2,1371.2,1371.2,1371.2,0.0
2023-06-30,10:18:00,1371.2,1371.2,1371.2,1371.2,0.0
2023-06-30,10:21:00,1371.2,1371.2,1371.2,1371.2,0.0
2023-06-30,10:24:00,1371.2,1371.2,1371.2,1371.2,0.0
2023-06-30,10:27:00,1371.2,1371.2,1371.2,1371.2,0.0
2023-06-30,10:30:00,1371.2,1371.2,1371.2,1371.2,0.0
2023-06-30,10:33:00,1371.2,1371.2,1371.2,1371.2,0.0
2023-06-30,10:36:00,1371.2,1371.2,1371.2,1371.2,0.0
2023-06-30,10:39:00,1371.2,1371.2,1371.2,1371.2,0.0
2023-06-30,10:42:00,1371.2,1371.2,1371.2,1371.2,0.0
2023-06-30,10:45:00,1371.2,1371.2,1371.2,1371.2,0.0
2023-06-30,10:48:00,1371.2,1371.2,1371.2,1371.2,0.0
2023-06-30,10:51:00,1371.2,1371.2,1371.2,1371.2,0.0
2023-06-30,10:54:00,1371.2,1371.2,1371.2,1371.2,0.0
2023-06-30,10:57:00,1371.2,1371.2,1371.2,1371.2,0.0
2023-06-30,11:00:00,1371.2,1371.2,1371.2,1371.2,0.0
2023-06-30,11:03:00,1371.2,1371.2,1371.2,1371.2,0.0
2023-06-30,11:06:00,1371.2,1371.2,1371.2,1371.2,0.0
2023-06-30,11:09:00,1371.2,1371.2,1371.2,1371.2,0.0
2023-06-30,11:12:00,1371.2,1371.2,1371.2,1371.2,0.0
2023-06-30,11:15:00,1371.2,1371.2,1371.2,1371.2,0.0
2023-06-30,11:18:00,1371.2,1371.2,1371.2,1371.2,0.0
2023-06-30,11:21:00,1371.2,1371.2,1371.2,1371.2,0.0
2023-06-30,11:24:00,1371.2,1371.2,1371.2,1371.2,0.0
2023-06-30,11:27:00,1371.2,1371.2,1371.2,1371.2,0.0
2023-06-30,11:30:00,1371.2,1371.2,1371.2,1371.2,0.0
2023-06-30,11:33:00,1371.2,1371.2,1371.2,1371.2,0.0
2023-06-30,11:36:00,1371.2,1371.2,1371.2,1371.2,0.0
2023-06-30,11:39:00,1371.2,1371.2,1371.2,1371.2,0.0
2023-06-30,11:42:00,1371.2,1371.2,1371.2,1371.2,0.0
2023-06-30,11:45:00,1371.2,1371.2,1371.2,1371.2,0.0
2023-06-30,11:48:00,1371.2,1371.2,1371.2,1371.2,0.0
2023-06-30,11:51:00,1371.2,1371.2,1371.2,1371.2,0.0
2023-06-30,11:54:00,1371.2,1371.2,1371.2,1371.2,0.0
2023-06-30,11:57:00,1371.2,1371.2,1371.2,1371.2,0.0
2023-06-30,12:00:00,1371.2,1371.2,1371.2,1371.2,0.0
2023-06-30,12:03:00,1371.2,1371.2,1371.2,1371.2,0.0
2023-06-30,12:06:00,1371.2,1371.2,1371.2,1371.2,0.0
2023-06-30,12:09:00,1371.2,1371.2,1371.2,1371.2,0.0
2023-06-30,12:12:00,1371.2,1371.2,1371.2,1371.2,0.0
2023-06-30,12:15:00,1371.2,1371.2,1371.2,1371.2,0.0
2023-06-30,12:18:00,1371.2,1371.2,1371.2,1371.2,0.0
2023-06-30,12:21:00,1371.2,1371.2,1371.2,1371.2,0.0
2023-06-30,12:24:00,1371.2,1371.2,1371.2,1371.2,0.0
2023-06-30,12:27:00,1371.2,1371.2,1371.2,1371.2,0.0
2023-06-30,12:30:00,1371.2,1371.2,1371.2,1371.2,0.0
2023-06-30,12:33:00,1371.2,1371.2,1371.2,1371.2,0.0
2023-06-30,12:36:00,1371.2,1371.2,1371.2,1371.2,0.0
2023-06-30,12:39:00,1371.2,1371.2,1371.2,1371.2,0.0
2023-06-30,12:42:00,1371.2,1371.2,1371.2,1371.2,0.0
2023-06-30,12:45:00,1371.2,1371.2,1371.2,1371.2,0.0
2023-06-30,12:48:00,1371.2,1371.2,1371.2,1371.2,0.0
2023-06-30,12:51:00,1371.2,1371.2,1371.2,1371.2,0.0
2023-06-30,12:54:00,1371.2,1371.2,1371.2,1371.2,0.0
2023-06-30,12:57:00,1371.2,1371.2,1371.2,1371.2,0.0
2023-06-30,13:00:00,1371.2,1371.2,1371.2,1371.2,0.0
2023-06-30,13:03:00,1371.2,1371.2,1371.2,1371.2,0.0
2023-06-30,13:06:00,1371.2,1371.2,1371.2,1371.2,0.0
2023-06-30,13:09:00,1371.2,1371.2,1371.2,1371.2,0.0
2023-06-30,13:12:00,1371.2,1371.2,1371.2,1371.2,0.0
2023-06-30,13:15:00,1371.2,1371.2,1371.2,1371.2,0.0
2023-06-30,13:18:00,1371.2,1371.2,1371.2,1371.2,0.0
2023-06-30,13:21:00,1371.2,1371.2,1371.2,1371.2,0.0
2023-06-30,13:24:00,1371.2,1371.2,1371.2,1371.2,0.0
2023-06-30,13:27:00,1371.2,1371.2,1371.2,1371.2,0.0
2023-06-30,13:30:00,1371.2,1371.2,1371.2,1371.2,0.0
2023-06-30,13:33:00,1371.2,1371.2,1371.2,1371.2,0.0
2023-06-30,13:36:00,1371.2,1371.2,1371.2,1371.2,0.0
2023-06-30,13:39:00,1371.2,1371.2,1371.2,1371.2,0.0
2023-06-30,13:42:00,1371.2,1371.2,1371.2,1371.2,0.0
2023-06-30,13:45:00,1371.2,1371.2,1371.2,1371.2,0.0
2023-06-30,13:48:00,1371.2,1371.2,1371.2,1371.2,0.0
2023-06-30,13:51:00,1371.2,1371.2,1371.2,1371.2,0.0
2023-06-30,13:54:00,1371.2,1371.2,1371.2,1371.2,0.0
2023-06-30,13:57:00,1371.2,1371.2,1371.2,1371.2,0.0
2023-06-30,14:00:00,1371.2,1371.2,1371.2,1371.2,0.0
2023-06-30,14:03:00,1371.2,1371.2,1371.2,1371.2,0.0
2023-06-30,14:06:00,1371.2,1371.2,1371.2,1371.2,0.0
2023-06-30,14:09:00,1371.2,1371.2,1371.2,1371.2,0.0
2023-06-30,14:12:00,1371.2,1371.2,1371.2,1371.2,0.0
2023-06-30,14:15:00,1371.2,1371.2,1371.2,1371.2,0.0
2023-06-30,14:18:00,1371.2,1371.2,1371.2,1371.2,0.0
2023-06-30,14:21:00,1371.2,1371.2,1371.2,1371.2,0.0
2023-06-30,14:24:00,1371.2,1371.2,1371.2,1371.2,0.0
2023-06-30,14:27:00,1371.2,1371.2,1371.2,1371.2,0.0
2023-06-30,14:30:00,1371.2,1371.2,1371.2,1371.2,0.0
2023-06-30,14:33:00,1371.2,1371.2,1371.2,1371.2,0.0
2023-06-30,14:36:00,1371.2,1371.2,1371.2,1371.2,0.0
2023-06-30,14:39:00,1371.2,1371.2,1371.2,1371.2,0.0
2023-06-30,14:42:00,1371.2,1371.2,1371.2,1371.2,0.0
2023-06-30,14:45:00,1371.2,1371.2,1371.2,1371.2,0.0
2023-06-30,14:48:00,1371.2,1371.2,1371.2,1371.2,0.0
2023-06-30,14:51:00,1371.2,1371.2,1371.2,1371.2,0.0
2023-06-30,14:54:00,1371.2,1371.2,1371.2,1371.2,0.0
2023-06-30,14:57:00,1371.2,1371.2,1371.2,1371.2,0.0
2023-06-30,15:00:00,1371.2,1371.2,1371.2,1371.2,0.0
2023-06-30,15:03:00,1371.2,1371.2,1371.2,1371.2,0.0
2023-06-30,15:06:00,1371.2,1371.2,1371.2,1371.2,0.0
2023-06-30,15:09:00,1371.2,1371.2,1371.2,1371.2,0.0
2023-06-30,15:12:00,1371.2,1371.2,1371.2,1371.2,0.0
2023-06-30,15:15:00,1371.2,1371.2,1371.2,1371.2,0.0
2023-06-30,15:18:00,1371.2,1371.2,1371.2,1371.2,0.0
2023-06-30,15:21:00,1371.2,1371.2,1371.2,1371.2,0.0
2023-06-30,15:24:00,1371.2,1371.2,1371.2,1371.2,0.0
2023-06-30,15:27:00,1371.2,1371.2,1371.2,1371.2,0.0
2023-07-03,09:15:00,1371.2,1371.2,1371.2,1371.2,0.0
2023-07-03,09:18:00,1371.2,1371.2,1371.2,1371.2,0.0
2023-07-03,09:21:00,1371.2,1371.2,1371.2,1371.2,0.0
2023-07-03,09:24:00,1371.2,1371.2,1371.2,1371.2,0.0
2023-07-03,09:27:00,1371.2,1371.2,1371.2,1371.2,0.0
2023-07-03,09:30:00,1371.2,1371.2,1371.2,1371.2,0.0
2023-07-03,09:33:00,1371.2,1371.2,1371.2,1371.2,0.0
2023-07-03,09:36:00,1371.2,1371.2,1371.2,1371.2,0.0
2023-07-03,09:39:00,1371.2,1371.2,1371.2,1371.2,0.0
2023-07-03,09:42:00,1371.2,1371.2,1371.2,1371.2,0.0
2023-07-03,09:45:00,1371.2,1371.2,1371.2,1371.2,0.0
2023-07-03,09:48:00,1371.2,1371.2,1371.2,1371.2,0.0
2023-07-03,09:51:00,1371.2,1371.2,1371.2,1371.2,0.0
2023-07-03,09:54:00,1371.2,1371.2,1371.2,1371.2,0.0
2023-07-03,09:57:00,1371.2,1371.2,1371.2,1371.2,0.0
2023-07-03,10:00:00,1371.2,1371.2,1371.2,1371.2,0.0
2023-07-03,10:03:00,1371.2,1371.2,1371.2,1371.2,0.0
2023-07-03,10:06:00,1371.2,1371.2,1371.2,1371.2,0.0
2023-07-03,10:09:00,1371.2,1371.2,1371.2,1371.2,0.0
2023-07-03,10:12:00,1371.2,1371.2,1371.2,1371.2,0.0
2023-07-03,10:15:00,1371.2,1371.2,1371.2,1371.2,0.0
2023-07-03,10:18:00,1371.2,1371.2,1371.2,1371.2,0.0
2023-07-03,10:21:00,1371.2,1371.2,1371.2,1371.2,0.0
2023-07-03,10:24:00,1371.2,1371.2,1371.2,1371.2,0.0
2023-07-03,10:27:00,1371.2,1371.2,1371.2,1371.2,0.0
2023-07-03,10:30:00,1371.2,1371.2,1371.2,1371.2,0.0
2023-07-03,10:33:00,1371.2,1371.2,1371.2,1371.2,0.0
2023-07-03,10:36:00,1371.2,1371.2,1371.2,1371.2,0.0
2023-07-03,10:39:00,1371.2,1371.2,1371.2,1371.2,0.0
2023-07-03,10:42:00,1371.2,1371.2,1371.2,1371.2,0.0
2023-07-03,10:45:00,1371.2,1371.2,1371.2,1371.2,0.0
2023-07-03,10:48:00,1371.2,1371.2,1371.2,1371.2,0.0
2023-07-03,10:51:00,1371.2,1371.2,1371.2,1371.2,0.0
2023-07-03,10:54:00,1371.2,1371.2,1371.2,1371.2,0.0
2023-07-03,10:57:00,1371.2,1371.2,1371.2,1371.2,0.0
2023-07-03,11:00:00,1371.2,1371.2,1371.2,1371.2,0.0
2023-07-03,11:03:00,1371.2,1371.2,1371.2,1371.2,0.0
2023-07-03,11:06:00,1371.2,1371.2,1371.2,1371.2,0.0
2023-07-03,11:09:00,1371.2,1371.2,1371.2,1371.2,0.0
2023-07-03,11:12:00,1371.2,1371.2,1371.2,1371.2,0.0
2023-07-03,11:15:00,1371.2,1371.2,1371.2,1371.2,0.0
2023-07-03,11:18:00,1371.2,1371.2,1371.2,1371.2,0.0
2023-07-03,11:21:00,1371.2,1371.2,1371.2,1371.2,0.0
2023-07-03,11:24:00,1371.2,1371.2,1371.2,1371.2,0.0
2023-07-03,11:27:00,1371.2,1371.2,1371.2,1371.2,0.0
2023-07-03,11:30:00,1371.2,1371.2,1371.2,1371.2,0.0
2023-07-03,11:33:00,1371.2,1371.2,1371.2,1371.2,0.0
2023-07-03,11:36:00,1371.2,1371.2,1371.2,1371.2,0.0
2023-07-03,11:39:00,1371.2,1371.2,1371.2,1371.2,0.0
2023-07-03,11:42:00,1371.2,1371.2,1371.2,1371.2,0.0
2023-07-03,11:45:00,1371.2,1371.2,1371.2,1371.2,0.0
2023-07-03,11:48:00,1371.2,1371.2,1371.2,1371.2,0.0
2023-07-03,11:51:00,1371.2,1371.2,1371.2,1371.2,0.0
2023-07-03,11:54:00,1371.2,1371.2,1371.2,1371.2,0.0
2023-07-03,11:57:00,1371.2,1371.2,1371.2,1371.2,0.0
2023-07-03,12:00:00,1371.2,1371.2,1371.2,1371.2,0.0
2023-07-03,12:03:00,1371.2,1371.2,1371.2,1371.2,0.0
2023-07-03,12:06:00,1371.2,1371.2,1371.2,1371.2,0.0
2023-07-03,12:09:00,1371.2,1371.2,1371.2,1371.2,0.0
2023-07-03,12:12:00,1371.2,1371.2,1371.2,1371.2,0.0
2023-07-03,12:15:00,1371.2,1371.2,1371.2,1371.2,0.0
2023-07-03,12:18:00,1371.2,1371.2,1371.2,1371.2,0.0
2023-07-03,12:21:00,1371.2,1371.2,1371.2,1371.2,0.0
2023-07-03,12:24:00,1371.2,1371.2,1371.2,1371.2,0.0
2023-07-03,12:27:00,1371.2,1371.2,1371.2,1371.2,0.0
2023-07-03,12:30:00,1371.2,1371.2,1371.2,1371.2,0.0
2023-07-03,12:33:00,1371.2,1371.2,1371.2,1371.2,0.0
2023-07-03,12:36:00,1371.2,1371.2,1371.2,1371.2,0.0
2023-07-03,12:39:00,1371.2,1371.2,1371.2,1371.2,0.0
2023-07-03,12:42:00,1371.2,1371.2,1371.2,1371.2,0.0
2023-07-03,12:45:00,1371.2,1371.2,1371.2,1371.2,0.0
2023-07-03,12:48:00,1371.2,1371.2,1371.2,1371.2,0.0
2023-07-03,12:51:00,1371.2,1371.2,1371.2,1371.2,0.0
2023-07-03,12:54:00,1371.2,1371.2,1371.2,1371.2,0.0
2023-07-03,12:57:00,1371.2,1371.2,1371.2,1371.2,0.0
2023-07-03,13:00:00,1371.2,1371.2,1371.2,1371.2,0.0
2023-07-03,13:03:00,1371.2,1371.2,1371.2,1371.2,0.0
2023-07-03,13:06:00,1371.2,1371.2,1371.2,1371.2,0.0
2023-07-03,13:09:00,1371.2,1371.2,1371.2,1371.2,0.0
2023-07-03,13:12:00,1371.2,1371.2,1371.2,1371.2,0.0
2023-07-03,13:15:00,1371.2,1371.2,1371.2,1371.2,0.0
2023-07-03,13:18:00,1371.2,1371.2,1371.2,1371.2,0.0
2023-07-03,13:21:00,1371.2,1371.2,1371.2,1371.2,0.0
2023-07-03,13:24:00,1371.2,1371.2,1371.2,1371.2,0.0
2023-07-03,13:27:00,1371.2,1371.2,1371.2,1371.2,0.0
2023-07-03,13:30:00,1371.2,1371.2,1371.2,1371.2,0.0
2023-07-03,13:33:00,1371.2,1371.2,1371.2,1371.2,0.0
2023-07-03,13:36:00,1371.2,1371.2,1371.2,1371.2,0.0
2023-07-03,13:39:00,1371.2,1371.2,1371.2,1371.2,0.0
2023-07-03,13:42:00,1371.2,1371.2,1371.2,1371.2,0.0
2023-07-03,13:45:00,1371.2,1371.2,1371.2,1371.2,0.0
2023-07-03,13:48:00,1371.2,1371.2,1371.2,1371.2,0.0
2023-07-03,13:51:00,1371.2,1371.2,1371.2,1371.2,0.0
2023-07-03,13:54:00,1371.2,1371.2,1371.2,1371.2,0.0
2023-07-03,13:57:00,1371.2,1371.2,1371.2,1371.2,0.0
2023-07-03,14:00:00,1371.2,1371.2,1371.2,1371.2,0.0
2023-07-03,14:03:00,1371.2,1371.2,1371.2,1371.2,0.0
2023-07-03,14:06:00,1371.2,1371.2,1371.2,1371.2,0.0
2023-07-03,14:09:00,1371.2,1371.2,1371.2,1371.2,0.0
2023-07-03,14:12:00,1371.2,1371.2,1371.2,1371.2,0.0
2023-07-03,14:15:00,1371.2,1371.2,1371.2,1371.2,0.0
2023-07-03,14:18:00,1371.2,1371.2,1371.2,1371.2,0.0
2023-07-03,14:21:00,1371.2,1371.2,1371.2,1371.2,0.0
2023-07-03,14:24:00,1371.2,1371.2,1371.2,1371.2,0.0
2023-07-03,14:27:00,1371.2,1371.2,1371.2,1371.2,0.0
2023-07-03,14:30:00,1371.2,1371.2,1371.2,1371.2,0.0
2023-07-03,14:33:00,1371.2,1371.2,1371.2,1371.2,0.0
2023-07-03,14:36:00,1371.2,1371.2,1371.2,1371.2,0.0
2023-07-03,14:39:00,1371.2,1371.2,1371.2,1371.2,0.0
2023-07-03,14:42:00,1371.2,1371.2,1371.2,1371.2,0.0
2023-07-03,14:45:00,1371.2,1371.2,1371.2,1371.2,0.0
2023-07-03,14:48:00,1371.2,1371.2,1371.2,1371.2,0.0
2023-07-03,14:51:00,1371.2,1371.2,1371.2,1371.2,0.0
2023-07-03,14:54:00,1371.2,1371.2,1371.2,1371.2,0.0
2023-07-03,14:57:00,1371.2,1371.2,1371.2,1371.2,0.0
2023-07-03,15:00:00,1371.2,1371.2,1371.2,1371.2,0.0
2023-07-03,15:03:00,1371.2,1371.2,1371.2,1371.2,0.0
2023-07-03,15:06:00,1371.2,1371.2,1371.2,1371.2,0.0
2023-07-03,15:09:00,1371.2,1371.2,1371.2,1371.2,0.0
2023-07-03,15:12:00,1371.2,1371.2,1371.2,1371.2,0.0
2023-07-03,15:15:00,1371.2,1371.2,1371.2,1371.2,0.0
2023-07-03,15:18:00,1371.2,1371.2,1371.2,1371.2,0.0
2023-07-03,15:21:00,1371.2,1371.2,1371.2,1371.2,0.0
2023-07-03,15:24:00,1371.2,1371.2,1371.2,1371.2,0.0
2023-07-03,15:27:00,1371.2,1371.2,1371.2,1371.2,0.0
2023-07-04,09:15:00,1371.2,1371.2,1371.2,1371.2,0.0
2023-07-04,09:18:00,1371.2,1371.2,1371.2,1371.2,0.0
2023-07-04,09:21:00,1371.2,1371.2,1371.2,1371.2,0.0
2023-07-04,09:24:00,1371.2,1371.2,1371.2,1371.2,0.0
2023-07-04,09:27:00,1371.2,1371.2,1371.2,1371.2,0.0
2023-07-04,09:30:00,1371.2,1371.2,1371.2,1371.2,0.0
2023-07-04,09:33:00,1371.2,1371.2,1371.2,1371.2,0.0
2023-07-04,09:36:00,1371.2,1371.2,1371.2,1371.2,0.0
2023-07-04,09:39:00,1371.2,1371.2,1371.2,1371.2,0.0
2023-07-04,09:42:00,1371.2,1371.2,1371.2,1371.2,0.0
2023-07-04,09:45:00,1371.2,1371.2,1371.2,1371.2,0.0
2023-07-04,09:48:00,1371.2,1371.2,1371.2,1371.2,0.0
2023-07-04,09:51:00,1371.2,1371.2,1371.2,1371.2,0.0
2023-07-04,09:54:00,1371.2,1371.2,1371.2,1371.2,0.0
2023-07-04,09:57:00,1371.2,1371.2,1371.2,1371.2,0.0
2023-07-04,10:00:00,1371.2,1371.2,1371.2,1371.2,0.0
2023-07-04,10:03:00,1371.2,1371.2,1371.2,1371.2,0.0
2023-07-04,10:06:00,1371.2,1371.2,1371.2,1371.2,0.0
2023-07-04,10:09:00,1371.2,1371.2,1371.2,1371.2,0.0
2023-07-04,10:12:00,1371.2,1371.2,1371.2,1371.2,0.0
2023-07-04,10:15:00,1371.2,1371.2,1371.2,1371.2,0.0
2023-07-04,10:18:00,1371.2,1371.2,1371.2,1371.2,0.0
2023-07-04,10:21:00,1371.2,1371.2,1371.2,1371.2,0.0
2023-07-04,10:24:00,1371.2,1371.2,1371.2,1371.2,0.0
2023-07-04,10:27:00,1371.2,1371.2,1371.2,1371.2,0.0
2023-07-04,10:30:00,1371.2,1371.2,1371.2,1371.2,0.0
2023-07-04,10:33:00,1371.2,1371.2,1371.2,1371.2,0.0
2023-07-04,10:36:00,1371.2,1371.2,1371.2,1371.2,0.0
2023-07-04,10:39:00,1371.2,1371.2,1371.2,1371.2,0.0
2023-07-04,10:42:00,1371.2,1371.2,1371.2,1371.2,0.0
2023-07-04,10:45:00,1371.2,1371.2,1371.2,1371.2,0.0
2023-07-04,10:48:00,1371.2,1371.2,1371.2,1371.2,0.0
2023-07-04,10:51:00,1371.2,1371.2,1371.2,1371.2,0.0
2023-07-04,10:54:00,1371.2,1371.2,1371.2,1371.2,0.0
2023-07-04,10:57:00,1371.2,1371.2,1371.2,1371.2,0.0
2023-07-04,11:00:00,1371.2,1371.2,1371.2,1371.2,0.0
2023-07-04,11:03:00,1371.2,1371.2,1371.2,1371.2,0.0
2023-07-04,11:06:00,1371.2,1371.2,1371.2,1371.2,0.0
2023-07-04,11:09:00,1371.2,1371.2,1371.2,1371.2,0.0
2023-07-04,11:12:00,1371.2,1371.2,1371.2,1371.2,0.0
2023-07-04,11:15:00,1371.2,1371.2,1371.2,1371.2,0.0
2023-07-04,11:18:00,1371.2,1371.2,1371.2,1371.2,0.0
2023-07-04,11:21:00,1371.2,1371.2,1371.2,1371.2,0.0
2023-07-04,11:24:00,1371.2,1371.2,1371.2,1371.2,0.0
2023-07-04,11:27:00,1371.2,1371.2,1371.2,1371.2,0.0
2023-07-04,11:30:00,1371.2,1371.2,1371.2,1371.2,0.0
2023-07-04,11:33:00,1371.2,1371.2,1371.2,1371.2,0.0
2023-07-04,11:36:00,1371.2,1371.2,1371.2,1371.2,0.0
2023-07-04,11:39:00,1371.2,1371.2,1371.2,1371.2,0.0
2023-07-04,11:42:00,1371.2,1371.2,1371.2,1371.2,0.0
2023-07-04,11:45:00,1371.2,1371.2,1371.2,1371.2,0.0
2023-07-04,11:48:00,1371.2,1371.2,1371.2,1371.2,0.0
2023-07-04,11:51:00,1371.2,1371.2,1371.2,1371.2,0.0
2023-07-04,11:54:00,1371.2,1371.2,1371.2,1371.2,0.0
2023-07-04,11:57:00,1371.2,1371.2,1371.2,1371.2,0.0
2023-07-04,12:00:00,1371.2,1371.2,1371.2,1371.2,0.0
2023-07-04,12:03:00,1371.2,1371.2,1371.2,1371.2,0.0
2023-07-04,12:06:00,1371.2,1371.2,1371.2,1371.2,0.0
2023-07-04,12:09:00,1371.2,1371.2,1371.2,1371.2,0.0
2023-07-04,12:12:00,1371.2,1371.2,1371.2,1371.2,0.0
2023-07-04,12:15:00,1371.2,1371.2,1371.2,1371.2,0.0
2023-07-04,12:18:00,1371.2,1371.2,1371.2,1371.2,0.0
2023-07-04,12:21:00,1371.2,1371.2,1371.2,1371.2,0.0
2023-07-04,12:24:00,1371.2,1371.2,1371.2,1371.2,0.0
2023-07-04,12:27:00,1371.2,1371.2,1371.2,1371.2,0.0
2023-07-04,12:30:00,1371.2,1371.2,1371.2,1371.2,0.0
2023-07-04,12:33:00,1371.2,1371.2,1371.2,1371.2,0.0
2023-07-04,12:36:00,1371.2,1371.2,1371.2,1371.2,0.0
2023-07-04,12:39:00,1371.2,1371.2,1371.2,1371.2,0.0
2023-07-04,12:42:00,1371.2,1371.2,1371.2,1371.2,0.0
2023-07-04,12:45:00,1371.2,1371.2,1371.2,1371.2,0.0
2023-07-04,12:48:00,1371.2,1371.2,1371.2,1371.2,0.0
2023-07-04,12:51:00,1371.2,1371.2,1371.2,1371.2,0.0
2023-07-04,12:54:00,1371.2,1371.2,1371.2,1371.2,0.0
2023-07-04,12:57:00,1371.2,1371.2,1371.2,1371.2,0.0
2023-07-04,13:00:00,1371.2,1371.2,1371.2,1371.2,0.0
2023-07-04,13:03:00,1371.2,1371.2,1371.2,1371.2,0.0
2023-07-04,13:06:00,1371.2,1371.2,1371.2,1371.2,0.0
2023-07-04,13:09:00,1371.2,1371.2,1371.2,1371.2,0.0
2023-07-04,13:12:00,1371.2,1371.2,1371.2,1371.2,0.0
2023-07-04,13:15:00,1371.2,1371.2,1371.2,1371.2,0.0
2023-07-04,13:18:00,1371.2,1371.2,1371.2,1371.2,0.0
2023-07-04,13:21:00,1371.2,1371.2,1371.2,1371.2,0.0
2023-07-04,13:24:00,1371.2,1371.2,1371.2,1371.2,0.0
2023-07-04,13:27:00,1371.2,1371.2,1371.2,1371.2,0.0
2023-07-04,13:30:00,1371.2,1371.2,1371.2,1371.2,0.0
2023-07-04,13:33:00,1371.2,1371.2,1371.2,1371.2,0.0
2023-07-04,13:36:00,1371.2,1371.2,1371.2,1371.2,0.0
2023-07-04,13:39:00,1371.2,1371.2,1371.2,1371.2,0.0
2023-07-04,13:42:00,1371.2,1371.2,1371.2,1371.2,0.0
2023-07-04,13:45:00,1371.2,1371.2,1371.2,1371.2,0.0
2023-07-04,13:48:00,1371.2,1371.2,1371.2,1371.2,0.0
2023-07-04,13:51:00,1371.2,1371.2,1371.2,1371.2,0.0
2023-07-04,13:54:00,1371.2,1371.2,1371.2,1371.2,0.0
2023-07-04,13:57:00,1371.2,1371.2,1371.2,1371.2,0.0
2023-07-04,14:00:00,1371.2,1371.2,1371.2,1371.2,0.0
2023-07-04,14:03:00,1371.2,1371.2,1371.2,1371.2,0.0
2023-07-04,14:06:00,1371.2,1371.2,1371.2,1371.2,0.0
2023-07-04,14:09:00,1371.2,1371.2,1371.2,1371.2,0.0
2023-07-04,14:12:00,1371.2,1371.2,1371.2,1371.2,0.0
2023-07-04,14:15:00,1371.2,1371.2,1371.2,1371.2,0.0
2023-07-04,14:18:00,1371.2,1371.2,1371.2,1371.2,0.0
2023-07-04,14:21:00,1371.2,1371.2,1371.2,1371.2,0.0
2023-07-04,14:24:00,1371.2,1371.2,1371.2,1371.2,0.0
2023-07-04,14:27:00,1371.2,1371.2,1371.2,1371.2,0.0
2023-07-04,14:30:00,1371.2,1371.2,1371.2,1371.2,0.0
2023-07-04,14:33:00,1371.2,1371.2,1371.2,1371.2,0.0
2023-07-04,14:36:00,1371.2,1371.2,1371.2,1371.2,0.0
2023-07-04,14:39:00,1371.2,1371.2,1371.2,1371.2,0.0
2023-07-04,14:42:00,1371.2,1371.2,1371.2,1371.2,0.0
2023-07-04,14:45:00,1371.2,1371.2,1371.2,1371.2,0.0
2023-07-04,14:48:00,1371.2,1371.2,1371.2,1371.2,0.0
2023-07-04,14:51:00,1371.2,1371.2,1371.2,1371.2,0.0
2023-07-04,14:54:00,1371.2,1371.2,1371.2,1371.2,0.0
2023-07-04,14:57:00,1371.2,1371.2,1371.2,1371.2,0.0
2023-07-04,15:00:00,1371.2,1371.2,1371.2,1371.2,0.0
2023-07-04,15:03:00,1371.2,1371.2,1371.2,1371.2,0.0
2023-07-04,15:06:00,1371.2,1371.2,1371.2,1371.2,0.0
2023-07-04,15:09:00,1371.2,1371.2,1371.2,1371.2,0.0
2023-07-04,15:12:00,1371.2,1371.2,1371.2,1371.2,0.0
2023-07-04,15:15:00,1371.2,1371.2,1371.2,1371.2,0.0
2023-07-04,15:18:00,1371.2,1371.2,1371.2,1371.2,0.0
2023-07-04,15:21:00,1371.2,1371.2,1371.2,1371.2,0.0
2023-07-04,15:24:00,1371.2,1371.2,1371.2,1371.2,0.0
2023-07-04,15:27:00,1371.2,1371.2,1371.2,1371.2,0.0
2023-07-05,09:15:00,1371.2,1371.2,1371.2,1371.2,0.0
2023-07-05,09:18:00,1371.2,1371.2,1371.2,1371.2,0.0
2023-07-05,09:21:00,1371.2,1371.2,1371.2,1371.2,0.0
2023-07-05,09:24:00,1371.2,1371.2,1371.2,1371.2,0.0
2023-07-05,09:27:00,1371.2,1371.2,1371.2,1371.2,0.0
2023-07-05,09:30:00,1371.2,1371.2,1371.2,1371.2,0.0
2023-07-05,09:33:00,1371.2,1371.2,1371.2,1371.2,0.0
2023-07-05,09:36:00,1371.2,1371.2,1371.2,1371.2,0.0
2023-07-05,09:39:00,1371.2,1371.2,1371.2,1371.2,0.0
2023-07-05,09:42:00,1371.2,1371.2,1371.2,1371.2,0.0
2023-07-05,09:45:00,1371.2,1371.2,1371.2,1371.2,0.0
2023-07-05,09:48:00,1371.2,1371.2,1371.2,1371.2,0.0
2023-07-05,09:51:00,1371.2,1371.2,1371.2,1371.2,0.0
2023-07-05,09:54:00,1371.2,1371.2,1371.2,1371.2,0.0
2023-07-05,09:57:00,1371.2,1371.2,1371.2,1371.2,0.0
2023-07-05,10:00:00,1371.2,1371.2,1371.2,1371.2,0.0
2023-07-05,10:03:00,1371.2,1371.2,1371.2,1371.2,0.0
2023-07-05,10:06:00,1371.2,1371.2,1371.2,1371.2,0.0
2023-07-05,10:09:00,1371.2,1371.2,1371.2,1371.2,0.0
2023-07-05,10:12:00,1371.2,1371.2,1371.2,1371.2,0.0
2023-07-05,10:15:00,1371.2,1371.2,1371.2,1371.2,0.0
2023-07-05,10:18:00,1371.2,1371.2,1371.2,1371.2,0.0
2023-07-05,10:21:00,1371.2,1371.2,1371.2,1371.2,0.0
2023-07-05,10:24:00,1371.2,1371.2,1371.2,1371.2,0.0
2023-07-05,10:27:00,1371.2,1371.2,1371.2,1371.2,0.0
2023-07-05,10:30:00,1371.2,1371.2,1371.2,1371.2,0.0
2023-07-05,10:33:00,1371.2,1371.2,1371.2,1371.2,0.0
2023-07-05,10:36:00,1371.2,1371.2,1371.2,1371.2,0.0
2023-07-05,10:39:00,1371.2,1371.2,1371.2,1371.2,0.0
2023-07-05,10:42:00,1371.2,1371.2,1371.2,1371.2,0.0
2023-07-05,10:45:00,1371.2,1371.2,1371.2,1371.2,0.0
2023-07-05,10:48:00,1371.2,1371.2,1371.2,1371.2,0.0
2023-07-05,10:51:00,1371.2,1371.2,1371.2,1371.2,0.0
2023-07-05,10:54:00,1371.2,1371.2,1371.2,1371.2,0.0
2023-07-05,10:57:00,1371.2,1371.2,1371.2,1371.2,0.0
2023-07-05,11:00:00,1371.2,1371.2,1371.2,1371.2,0.0
2023-07-05,11:03:00,1371.2,1371.2,1371.2,1371.2,0.0
2023-07-05,11:06:00,1371.2,1371.2,1371.2,1371.2,0.0
2023-07-05,11:09:00,1371.2,1371.2,1371.2,1371.2,0.0
2023-07-05,11:12:00,1371.2,1371.2,1371.2,1371.2,0.0
2023-07-05,11:15:00,1371.2,1371.2,1371.2,1371.2,0.0
2023-07-05,11:18:00,1371.2,1371.2,1371.2,1371.2,0.0
2023-07-05,11:21:00,1371.2,1371.2,1371.2,1371.2,0.0
2023-07-05,11:24:00,1371.2,1371.2,1371.2,1371.2,0.0
2023-07-05,11:27:00,1371.2,1371.2,1371.2,1371.2,0.0
2023-07-05,11:30:00,1371.2,1371.2,1371.2,1371.2,0.0
2023-07-05,11:33:00,1371.2,1371.2,1371.2,1371.2,0.0
2023-07-05,11:36:00,1371.2,1371.2,1371.2,1371.2,0.0
2023-07-05,11:39:00,1371.2,1371.2,1371.2,1371.2,0.0
2023-07-05,11:42:00,1371.2,1371.2,1371.2,1371.2,0.0
2023-07-05,11:45:00,1371.2,1371.2,1371.2,1371.2,0.0
2023-07-05,11:48:00,1371.2,1371.2,1371.2,1371.2,0.0
2023-07-05,11:51:00,1371.2,1371.2,1371.2,1371.2,0.0
2023-07-05,11:54:00,1371.2,1371.2,1371.2,1371.2,0.0
2023-07-05,11:57:00,1371.2,1371.2,1371.2,1371.2,0.0
2023-07-05,12:00:00,1371.2,1371.2,1371.2,1371.2,0.0
2023-07-05,12:03:00,1371.2,1371.2,1371.2,1371.2,0.0
2023-07-05,12:06:00,1371.2,1371.2,1371.2,1371.2,0.0
2023-07-05,12:09:00,1371.2,1371.2,1371.2,1371.2,0.0
2023-07-05,12:12:00,1371.2,1371.2,1371.2,1371.2,0.0
2023-07-05,12:15:00,1371.2,1371.2,1371.2,1371.2,0.0
2023-07-05,12:18:00,1371.2,1371.2,1371.2,1371.2,0.0
2023-07-05,12:21:00,1371.2,1371.2,1371.2,1371.2,0.0
2023-07-05,12:24:00,1371.2,1371.2,1371.2,1371.2,0.0
2023-07-05,12:27:00,1371.2,1371.2,1371.2,1371.2,0.0
2023-07-05,12:30:00,1371.2,1371.2,1371.2,1371.2,0.0
2023-07-05,12:33:00,1371.2,1371.2,1371.2,1371.2,0.0
2023-07-05,12:36:00,1371.2,1371.2,1371.2,1371.2,0.0
2023-07-05,12:39:00,1371.2,1371.2,1371.2,1371.2,0.0
2023-07-05,12:42:00,1371.2,1371.2,1371.2,1371.2,0.0
2023-07-05,12:45:00,1371.2,1371.2,1371.2,1371.2,0.0
2023-07-05,12:48:00,1371.2,1371.2,1371.2,1371.2,0.0
2023-07-05,12:51:00,1371.2,1371.2,1371.2,1371.2,0.0
2023-07-05,12:54:00,1371.2,1371.2,1371.2,1371.2,0.0
2023-07-05,12:57:00,1371.2,1371.2,1371.2,1371.2,0.0
2023-07-05,13:00:00,1371.2,1371.2,1371.2,1371.2,0.0
2023-07-05,13:03:00,1371.2,1371.2,1371.2,1371.2,0.0
2023-07-05,13:06:00,1371.2,1371.2,1371.2,1371.2,0.0
2023-07-05,13:09:00,1371.2,1371.2,1371.2,1371.2,0.0
2023-07-05,13:12:00,1371.2,1371.2,1371.2,1371.2,0.0
2023-07-05,13:15:00,1371.2,1371.2,1371.2,1371.2,0.0
2023-07-05,13:18:00,1371.2,1371.2,1371.2,1371.2,0.0
2023-07-05,13:21:00,1371.2,1371.2,1371.2,1371.2,0.0
2023-07-05,13:24:00,1371.2,1371.2,1371.2,1371.2,0.0
2023-07-05,13:27:00,1371.2,1371.2,1371.2,1371.2,0.0
2023-07-05,13:30:00,1371.2,1371.2,1371.2,1371.2,0.0
2023-07-05,13:33:00,1371.2,1371.2,1371.2,1371.2,0.0
2023-07-05,13:36:00,1371.2,1371.2,1371.2,1371.2,0.0
2023-07-05,13:39:00,1371.2,1371.2,1371.2,1371.2,0.0
2023-07-05,13:42:00,1371.2,1371.2,1371.2,1371.2,0.0
2023-07-05,13:45:00,1371.2,1371.2,1371.2,1371.2,0.0
2023-07-05,13:48:00,1371.2,1371.2,1371.2,1371.2,0.0
2023-07-05,13:51:00,1371.2,1371.2,1371.2,1371.2,0.0
2023-07-05,13:54:00,1371.2,1371.2,1371.2,1371.2,0.0
2023-07-05,13:57:00,1371.2,1371.2,1371.2,1371.2,0.0
2023-07-05,14:00:00,1371.2,1371.2,1371.2,1371.2,0.0
2023-07-05,14:03:00,1371.2,1371.2,1371.2,1371.2,0.0
2023-07-05,14:06:00,1371.2,1371.2,1371.2,1371.2,0.0
2023-07-05,14:09:00,1371.2,1371.2,1371.2,1371.2,0.0
2023-07-05,14:12:00,1371.2,1371.2,1371.2,1371.2,0.0
2023-07-05,14:15:00,1371.2,1371.2,1371.2,1371.2,0.0
2023-07-05,14:18:00,1371.2,1371.2,1371.2,1371.2,0.0
2023-07-05,14:21:00,1371.2,1371.2,1371.2,1371.2,0.0
2023-07-05,14:24:00,1371.2,1371.2,1371.2,1371.2,0.0
2023-07-05,14:27:00,1371.2,1371.2,1371.2,1371.2,0.0
2023-07-05,14:30:00,1371.2,1371.2,1371.2,1371.2,0.0
2023-07-05,14:33:00,1371.2,1371.2,1371.2,1371.2,0.0
2023-07-05,14:36:00,1371.2,1371.2,1371.2,1371.2,0.0
2023-07-05,14:39:00,1371.2,1371.2,1371.2,1371.2,0.0
2023-07-05,14:42:00,1371.2,1371.2,1371.2,1371.2,0.0
2023-07-05,14:45:00,1371.2,1371.2,1371.2,1371.2,0.0
2023-07-05,14:48:00,1371.2,1371.2,1371.2,1371.2,0.0
2023-07-05,14:51:00,1371.2,1371.2,1371.2,1371.2,0.0
2023-07-05,14:54:00,1371.2,1371.2,1371.2,1371.2,0.0
2023-07-05,14:57:00,1371.2,1371.2,1371.2,1371.2,0.0
2023-07-05,15:00:00,1371.2,1371.2,1371.2,1371.2,0.0
2023-07-05,15:03:00,1371.2,1371.2,1371.2,1371.2,0.0
2023-07-05,15:06:00,1371.2,1371.2,1371.2,1371.2,0.0
2023-07-05,15:09:00,1371.2,1371.2,1371.2,1371.2,0.0
2023-07-05,15:12:00,1371.2,1371.2,1371.2,1371.2,0.0
2023-07-05,15:15:00,1371.2,1371.2,1371.2,1371.2,0.0
2023-07-05,15:18:00,1371.2,1371.2,1371.2,1371.2,0.0
2023-07-05,15:21:00,1371.2,1371.2,1371.2,1371.2,0.0
2023-07-05,15:24:00,1371.2,1371.2,1371.2,1371.2,0.0
2023-07-05,15:27:00,1371.2,1371.2,1371.2,1371.2,0.0
2023-07-06,09:15:00,1371.2,1371.2,1371.2,1371.2,0.0
2023-07-06,09:18:00,1371.2,1371.2,1371.2,1371.2,0.0
2023-07-06,09:21:00,1371.2,1371.2,1371.2,1371.2,0.0
2023-07-06,09:24:00,1371.2,1371.2,1371.2,1371.2,0.0
2023-07-06,09:27:00,1371.2,1371.2,1371.2,1371.2,0.0
2023-07-06,09:30:00,1371.2,1371.2,1371.2,1371.2,0.0
2023-07-06,09:33:00,1371.2,1371.2,1371.2,1371.2,0.0
2023-07-06,09:36:00,1371.2,1371.2,1371.2,1371.2,0.0
2023-07-06,09:39:00,1371.2,1371.2,1371.2,1371.2,0.0
2023-07-06,09:42:00,1371.2,1371.2,1371.2,1371.2,0.0
2023-07-06,09:45:00,1371.2,1371.2,1371.2,1371.2,0.0
2023-07-06,09:48:00,1371.2,1371.2,1371.2,1371.2,0.0
2023-07-06,09:51:00,1371.2,1371.2,1371.2,1371.2,0.0
2023-07-06,09:54:00,1371.2,1371.2,1371.2,1371.2,0.0
2023-07-06,09:57:00,1371.2,1371.2,1371.2,1371.2,0.0
2023-07-06,10:00:00,1371.2,1371.2,1371.2,1371.2,0.0
2023-07-06,10:03:00,1371.2,1371.2,1371.2,1371.2,0.0
2023-07-06,10:06:00,1371.2,1371.2,1371.2,1371.2,0.0
2023-07-06,10:09:00,1371.2,1371.2,1371.2,1371.2,0.0
2023-07-06,10:12:00,1371.2,1371.2,1371.2,1371.2,0.0
2023-07-06,10:15:00,1371.2,1371.2,1371.2,1371.2,0.0
2023-07-06,10:18:00,1371.2,1371.2,1371.2,1371.2,0.0
2023-07-06,10:21:00,1371.2,1371.2,1371.2,1371.2,0.0
2023-07-06,10:24:00,1371.2,1371.2,1371.2,1371.2,0.0
2023-07-06,10:27:00,1371.2,1371.2,1371.2,1371.2,0.0
2023-07-06,10:30:00,1371.2,1371.2,1371.2,1371.2,0.0
2023-07-06,10:33:00,1371.2,1371.2,1371.2,1371.2,0.0
2023-07-06,10:36:00,1371.2,1371.2,1371.2,1371.2,0.0
2023-07-06,10:39:00,1371.2,1371.2,1371.2,1371.2,0.0
2023-07-06,10:42:00,1371.2,1371.2,1371.2,1371.2,0.0
2023-07-06,10:45:00,1371.2,1371.2,1371.2,1371.2,0.0
2023-07-06,10:48:00,1371.2,1371.2,1371.2,1371.2,0.0
2023-07-06,10:51:00,1371.2,1371.2,1371.2,1371.2,0.0
2023-07-06,10:54:00,1371.2,1371.2,1371.2,1371.2,0.0
2023-07-06,10:57:00,1371.2,1371.2,1371.2,1371.2,0.0
2023-07-06,11:00:00,1371.2,1371.2,1371.2,1371.2,0.0
2023-07-06,11:03:00,1371.2,1371.2,1371.2,1371.2,0.0
2023-07-06,11:06:00,1371.2,1371.2,1371.2,1371.2,0.0
2023-07-06,11:09:00,1371.2,1371.2,1371.2,1371.2,0.0
2023-07-06,11:12:00,1371.2,1371.2,1371.2,1371.2,0.0
2023-07-06,11:15:00,1371.2,1371.2,1371.2,1371.2,0.0
2023-07-06,11:18:00,1371.2,1371.2,1371.2,1371.2,0.0
2023-07-06,11:21:00,1371.2,1371.2,1371.2,1371.2,0.0
2023-07-06,11:24:00,1371.2,1371.2,1371.2,1371.2,0.0
2023-07-06,11:27:00,1371.2,1371.2,1371.2,1371.2,0.0
2023-07-06,11:30:00,1371.2,1371.2,1371.2,1371.2,0.0
2023-07-06,11:33:00,1371.2,1371.2,1371.2,1371.2,0.0
2023-07-06,11:36:00,1371.2,1371.2,1371.2,1371.2,0.0
2023-07-06,11:39:00,1371.2,1371.2,1371.2,1371.2,0.0
2023-07-06,11:42:00,1371.2,1371.2,1371.2,1371.2,0.0
2023-07-06,11:45:00,1371.2,1371.2,1371.2,1371.2,0.0
2023-07-06,11:48:00,1371.2,1371.2,1371.2,1371.2,0.0
2023-07-06,11:51:00,1371.2,1371.2,1371.2,1371.2,0.0
2023-07-06,11:54:00,1371.2,1371.2,1371.2,1371.2,0.0
2023-07-06,11:57:00,1371.2,1371.2,1371.2,1371.2,0.0
2023-07-06,12:00:00,1371.2,1371.2,1371.2,1371.2,0.0
2023-07-06,12:03:00,1371.2,1371.2,1371.2,1371.2,0.0
2023-07-06,12:06:00,1371.2,1371.2,1371.2,1371.2,0.0
2023-07-06,12:09:00,1371.2,1371.2,1371.2,1371.2,0.0
2023-07-06,12:12:00,1371.2,1371.2,1371.2,1371.2,0.0
2023-07-06,12:15:00,1371.2,1371.2,1371.2,1371.2,0.0
2023-07-06,12:18:00,1371.2,1371.2,1371.2,1371.2,0.0
2023-07-06,12:21:00,1371.2,1371.2,1371.2,1371.2,0.0
2023-07-06,12:24:00,1371.2,1371.2,1371.2,1371.2,0.0
2023-07-06,12:27:00,1371.2,1371.2,1371.2,1371.2,0.0
2023-07-06,12:30:00,1371.2,1371.2,1371.2,1371.2,0.0
2023-07-06,12:33:00,1371.2,1371.2,1371.2,1371.2,0.0
2023-07-06,12:36:00,1371.2,1371.2,1371.2,1371.2,0.0
2023-07-06,12:39:00,1371.2,1371.2,1371.2,1371.2,0.0
2023-07-06,12:42:00,1371.2,1371.2,1371.2,1371.2,0.0
2023-07-06,12:45:00,1371.2,1371.2,1371.2,1371.2,0.0
2023-07-06,12:48:00,1371.2,1371.2,1371.2,1371.2,0.0
2023-07-06,12:51:00,1371.2,1371.2,1371.2,1371.2,0.0
2023-07-06,12:54:00,1371.2,1371.2,1371.2,1371.2,0.0
2023-07-06,12:57:00,1371.2,1371.2,1371.2,1371.2,0.0
2023-07-06,13:00:00,1371.2,1371.2,1371.2,1371.2,0.0
2023-07-06,13:03:00,1371.2,1371.2,1371.2,1371.2,0.0
2023-07-06,13:06:00,1371.2,1371.2,1371.2,1371.2,0.0
2023-07-06,13:09:00,1371.2,1371.2,1371.2,1371.2,0.0
2023-07-06,13:12:00,1371.2,1371.2,1371.2,1371.2,0.0
2023-07-06,13:15:00,1371.2,1371.2,1371.2,1371.2,0.0
2023-07-06,13:18:00,1371.2,1371.2,1371.2,1371.2,0.0
2023-07-06,13:21:00,1371.2,1371.2,1371.2,1371.2,0.0
2023-07-06,13:24:00,1371.2,1371.2,1371.2,1371.2,0.0
2023-07-06,13:27:00,1371.2,1371.2,1371.2,1371.2,0.0
2023-07-06,13:30:00,1371.2,1371.2,1371.2,1371.2,0.0
2023-07-06,13:33:00,1371.2,1371.2,1371.2,1371.2,0.0
2023-07-06,13:36:00,1371.2,1371.2,1371.2,1371.2,0.0
2023-07-06,13:39:00,1371.2,1371.2,1371.2,1371.2,0.0
2023-07-06,13:42:00,1371.2,1371.2,1371.2,1371.2,0.0
2023-07-06,13:45:00,1371.2,1371.2,1371.2,1371.2,0.0
2023-07-06,13:48:00,1371.2,1371.2,1371.2,1371.2,0.0
2023-07-06,13:51:00,1371.2,1371.2,1371.2,1371.2,0.0
2023-07-06,13:54:00,1371.2,1371.2,1371.2,1371.2,0.0
2023-07-06,13:57:00,1371.2,1371.2,1371.2,1371.2,0.0
2023-07-06,14:00:00,1371.2,1371.2,1371.2,1371.2,0.0
2023-07-06,14:03:00,1371.2,1371.2,1371.2,1371.2,0.0
2023-07-06,14:06:00,1371.2,1371.2,1371.2,1371.2,0.0
2023-07-06,14:09:00,1371.2,1371.2,1371.2,1371.2,0.0
2023-07-06,14:12:00,1371.2,1371.2,1371.2,1371.2,0.0
2023-07-06,14:15:00,1371.2,1371.2,1371.2,1371.2,0.0
2023-07-06,14:18:00,1371.2,1371.2,1371.2,1371.2,0.0
2023-07-06,14:21:00,1371.2,1371.2,1371.2,1371.2,0.0
2023-07-06,14:24:00,1371.2,1371.2,1371.2,1371.2,0.0
2023-07-06,14:27:00,1371.2,1371.2,1371.2,1371.2,0.0
2023-07-06,14:30:00,1371.2,1371.2,1371.2,1371.2,0.0
2023-07-06,14:33:00,1371.2,1371.2,1371.2,1371.2,0.0
2023-07-06,14:36:00,1371.2,1371.2,1371.2,1371.2,0.0
2023-07-06,14:39:00,1371.2,1371.2,1371.2,1371.2,0.0
2023-07-06,14:42:00,1371.2,1371.2,1371.2,1371.2,0.0
2023-07-06,14:45:00,1371.2,1371.2,1371.2,1371.2,0.0
2023-07-06,14:48:00,1371.2,1371.2,1371.2,1371.2,0.0
2023-07-06,14:51:00,1371.2,1371.2,1371.2,1371.2,0.0
2023-07-06,14:54:00,1371.2,1371.2,1371.2,1371.2,0.0
2023-07-06,14:57:00,1371.2,1371.2,1371.2,1371.2,0.0
2023-07-06,15:00:00,1371.2,1371.2,1371.2,1371.2,0.0
2023-07-06,15:03:00,1371.2,1371.2,1371.2,1371.2,0.0
2023-07-06,15:06:00,1371.2,1371.2,1371.2,1371.2,0.0
2023-07-06,15:09:00,1371.2,1371.2,1371.2,1371.2,0.0
2023-07-06,15:12:00,1371.2,1371.2,1371.2,1371.2,0.0
2023-07-06,15:15:00,1371.2,1371.2,1371.2,1371.2,0.0
2023-07-06,15:18:00,1371.2,1371.2,1371.2,1371.2,0.0
2023-07-06,15:21:00,1371.2,1371.2,1371.2,1371.2,0.0
2023-07-06,15:24:00,1371.2,1371.2,1371.2,1371.2,0.0
2023-07-06,15:27:00,1371.2,1371.2,1371.2,1371.2,0.0
2023-07-07,09:15:00,1371.2,1371.2,1371.2,1371.2,0.0
2023-07-07,09:18:00,1371.2,1371.2,1371.2,1371.2,0.0
2023-07-07,09:21:00,1371.2,1371.2,1371.2,1371.2,0.0
2023-07-07,09:24:00,1371.2,1371.2,1371.2,1371.2,0.0
2023-07-07,09:27:00,1371.2,1371.2,1371.2,1371.2,0.0
2023-07-07,09:30:00,1371.2,1371.2,1371.2,1371.2,0.0
2023-07-07,09:33:00,1371.2,1371.2,1371.2,1371.2,0.0
2023-07-07,09:36:00,1371.2,1371.2,1371.2,1371.2,0.0
2023-07-07,09:39:00,1371.2,1371.2,1371.2,1371.2,0.0
2023-07-07,09:42:00,1371.2,1371.2,1371.2,1371.2,0.0
2023-07-07,09:45:00,1371.2,1371.2,1371.2,1371.2,0.0
2023-07-07,09:48:00,1371.2,1371.2,1371.2,1371.2,0.0
2023-07-07,09:51:00,1371.2,1371.2,1371.2,1371.2,0.0
2023-07-07,09:54:00,1371.2,1371.2,1371.2,1371.2,0.0
2023-07-07,09:57:00,1371.2,1371.2,1371.2,1371.2,0.0
2023-07-07,10:00:00,1371.2,1371.2,1371.2,1371.2,0.0
2023-07-07,10:03:00,1371.2,1371.2,1371.2,1371.2,0.0
2023-07-07,10:06:00,1371.2,1371.2,1371.2,1371.2,0.0
2023-07-07,10:09:00,1371.2,1371.2,1371.2,1371.2,0.0
2023-07-07,10:12:00,1371.2,1371.2,1371.2,1371.2,0.0
2023-07-07,10:15:00,1371.2,1371.2,1371.2,1371.2,0.0
2023-07-07,10:18:00,1371.2,1371.2,1371.2,1371.2,0.0
2023-07-07,10:21:00,1371.2,1371.2,1371.2,1371.2,0.0
2023-07-07,10:24:00,1371.2,1371.2,1371.2,1371.2,0.0
2023-07-07,10:27:00,1371.2,1371.2,1371.2,1371.2,0.0
2023-07-07,10:30:00,1371.2,1371.2,1371.2,1371.2,0.0
2023-07-07,10:33:00,1371.2,1371.2,1371.2,1371.2,0.0
2023-07-07,10:36:00,1371.2,1371.2,1371.2,1371.2,0.0
2023-07-07,10:39:00,1371.2,1371.2,1371.2,1371.2,0.0
2023-07-07,10:42:00,1371.2,1371.2,1371.2,1371.2,0.0
2023-07-07,10:45:00,1371.2,1371.2,1371.2,1371.2,0.0
2023-07-07,10:48:00,1371.2,1371.2,1371.2,1371.2,0.0
2023-07-07,10:51:00,1371.2,1371.2,1371.2,1371.2,0.0
2023-07-07,10:54:00,1371.2,1371.2,1371.2,1371.2,0.0
2023-07-07,10:57:00,1371.2,1371.2,1371.2,1371.2,0.0
2023-07-07,11:00:00,1371.2,1371.2,1371.2,1371.2,0.0
2023-07-07,11:03:00,1371.2,1371.2,1371.2,1371.2,0.0
2023-07-07,11:06:00,1371.2,1371.2,1371.2,1371.2,0.0
2023-07-07,11:09:00,1371.2,1371.2,1371.2,1371.2,0.0
2023-07-07,11:12:00,1371.2,1371.2,1371.2,1371.2,0.0
2023-07-07,11:15:00,1371.2,1371.2,1371.2,1371.2,0.0
2023-07-07,11:18:00,1371.2,1371.2,1371.2,1371.2,0.0
2023-07-07,11:21:00,1371.2,1371.2,1371.2,1371.2,0.0
2023-07-07,11:24:00,1371.2,1371.2,1371.2,1371.2,0.0
2023-07-07,11:27:00,1371.2,1371.2,1371.2,1371.2,0.0
2023-07-07,11:30:00,1371.2,1371.2,1371.2,1371.2,0.0
2023-07-07,11:33:00,1371.2,1371.2,1371.2,1371.2,0.0
2023-07-07,11:36:00,1371.2,1371.2,1371.2,1371.2,0.0
2023-07-07,11:39:00,1371.2,1371.2,1371.2,1371.2,0.0
2023-07-07,11:42:00,1371.2,1371.2,1371.2,1371.2,0.0
2023-07-07,11:45:00,1371.2,1371.2,1371.2,1371.2,0.0
2023-07-07,11:48:00,1371.2,1371.2,1371.2,1371.2,0.0
2023-07-07,11:51:00,1371.2,1371.2,1371.2,1371.2,0.0
2023-07-07,11:54:00,1371.2,1371.2,1371.2,1371.2,0.0
2023-07-07,11:57:00,1371.2,1371.2,1371.2,1371.2,0.0
2023-07-07,12:00:00,1371.2,1371.2,1371.2,1371.2,0.0
2023-07-07,12:03:00,1371.2,1371.2,1371.2,1371.2,0.0
2023-07-07,12:06:00,1371.2,1371.2,1371.2,1371.2,0.0
2023-07-07,12:09:00,1371.2,1371.2,1371.2,1371.2,0.0
2023-07-07,12:12:00,1371.2,1371.2,1371.2,1371.2,0.0
2023-07-07,12:15:00,1371.2,1371.2,1371.2,1371.2,0.0
2023-07-07,12:18:00,1371.2,1371.2,1371.2,1371.2,0.0
2023-07-07,12:21:00,1371.2,1371.2,1371.2,1371.2,0.0
2023-07-07,12:24:00,1371.2,1371.2,1371.2,1371.2,0.0
2023-07-07,12:27:00,1371.2,1371.2,1371.2,1371.2,0.0
2023-07-07,12:30:00,1371.2,1371.2,1371.2,1371.2,0.0
2023-07-07,12:33:00,1371.2,1371.2,1371.2,1371.2,0.0
2023-07-07,12:36:00,1371.2,1371.2,1371.2,1371.2,0.0
2023-07-07,12:39:00,1371.2,1371.2,1371.2,1371.2,0.0
2023-07-07,12:42:00,1371.2,1371.2,1371.2,1371.2,0.0
2023-07-07,12:45:00,1371.2,1371.2,1371.2,1371.2,0.0
2023-07-07,12:48:00,1371.2,1371.2,1371.2,1371.2,0.0
2023-07-07,12:51:00,1371.2,1371.2,1371.2,1371.2,0.0
2023-07-07,12:54:00,1371.2,1371.2,1371.2,1371.2,0.0
2023-07-07,12:57:00,1371.2,1371.2,1371.2,1371.2,0.0
2023-07-07,13:00:00,1371.2,1371.2,1371.2,1371.2,0.0
2023-07-07,13:03:00,1371.2,1371.2,1371.2,1371.2,0.0
2023-07-07,13:06:00,1371.2,1371.2,1371.2,1371.2,0.0
2023-07-07,13:09:00,1371.2,1371.2,1371.2,1371.2,0.0
2023-07-07,13:12:00,1371.2,1371.2,1371.2,1371.2,0.0
2023-07-07,13:15:00,1371.2,1371.2,1371.2,1371.2,0.0
2023-07-07,13:18:00,1371.2,1371.2,1371.2,1371.2,0.0
2023-07-07,13:21:00,1371.2,1371.2,1371.2,1371.2,0.0
2023-07-07,13:24:00,1371.2,1371.2,1371.2,1371.2,0.0
2023-07-07,13:27:00,1371.2,1371.2,1371.2,1371.2,0.0
2023-07-07,13:30:00,1371.2,1371.2,1371.2,1371.2,0.0
2023-07-07,13:33:00,1371.2,1371.2,1371.2,1371.2,0.0
2023-07-07,13:36:00,1371.2,1371.2,1371.2,1371.2,0.0
2023-07-07,13:39:00,1371.2,1371.2,1371.2,1371.2,0.0
2023-07-07,13:42:00,1371.2,1371.2,1371.2,1371.2,0.0
2023-07-07,13:45:00,1371.2,1371.2,1371.2,1371.2,0.0
2023-07-07,13:48:00,1371.2,1371.2,1371.2,1371.2,0.0
2023-07-07,13:51:00,1371.2,1371.2,1371.2,1371.2,0.0
2023-07-07,13:54:00,1371.2,1371.2,1371.2,1371.2,0.0
2023-07-07,13:57:00,1371.2,1371.2,1371.2,1371.2,0.0
2023-07-07,14:00:00,1371.2,1371.2,1371.2,1371.2,0.0
2023-07-07,14:03:00,1371.2,1371.2,1371.2,1371.2,0.0
2023-07-07,14:06:00,1371.2,1371.2,1371.2,1371.2,0.0
2023-07-07,14:09:00,1371.2,1371.2,1371.2,1371.2,0.0
2023-07-07,14:12:00,1371.2,1371.2,1371.2,1371.2,0.0
2023-07-07,14:15:00,1371.2,1371.2,1371.2,1371.2,0.0
2023-07-07,14:18:00,1371.2,1371.2,1371.2,1371.2,0.0
2023-07-07,14:21:00,1371.2,1371.2,1371.2,1371.2,0.0
2023-07-07,14:24:00,1371.2,1371.2,1371.2,1371.2,0.0
2023-07-07,14:27:00,1371.2,1371.2,1371.2,1371.2,0.0
2023-07-07,14:30:00,1371.2,1371.2,1371.2,1371.2,0.0
2023-07-07,14:33:00,1371.2,1371.2,1371.2,1371.2,0.0
2023-07-07,14:36:00,1371.2,1371.2,1371.2,1371.2,0.0
2023-07-07,14:39:00,1371.2,1371.2,1371.2,1371.2,0.0
2023-07-07,14:42:00,1371.2,1371.2,1371.2,1371.2,0.0
2023-07-07,14:45:00,1371.2,1371.2,1371.2,1371.2,0.0
2023-07-07,14:48:00,1371.2,1371.2,1371.2,1371.2,0.0
2023-07-07,14:51:00,1371.2,1371.2,1371.2,1371.2,0.0
2023-07-07,14:54:00,1371.2,1371.2,1371.2,1371.2,0.0
2023-07-07,14:57:00,1371.2,1371.2,1371.2,1371.2,0.0
2023-07-07,15:00:00,1371.2,1371.2,1371.2,1371.2,0.0
2023-07-07,15:03:00,1371.2,1371.2,1371.2,1371.2,0.0
2023-07-07,15:06:00,1371.2,1371.2,1371.2,1371.2,0.0
2023-07-07,15:09:00,1371.2,1371.2,1371.2,1371.2,0.0
2023-07-07,15:12:00,1371.2,1371.2,1371.2,1371.2,0.0
2023-07-07,15:15:00,1371.2,1371.2,1371.2,1371.2,0.0
2023-07-07,15:18:00,1371.2,1371.2,1371.2,1371.2,0.0
2023-07-07,15:21:00,1371.2,1371.2,1371.2,1371.2,0.0
2023-07-07,15:24:00,1371.2,1371.2,1371.2,1371.2,0.0
2023-07-07,15:27:00,1371.2,1371.2,1371.2,1371.2,0.0
2023-07-10,09:15:00,1371.2,1371.2,1371.2,1371.2,0.0
2023-07-10,09:18:00,1371.2,1371.2,1371.2,1371.2,0.0
2023-07-10,09:21:00,1371.2,1371.2,1371.2,1371.2,0.0
2023-07-10,09:24:00,1371.2,1371.2,1371.2,1371.2,0.0
2023-07-10,09:27:00,1371.2,1371.2,1371.2,1371.2,0.0
2023-07-10,09:30:00,1371.2,1371.2,1371.2,1371.2,0.0
2023-07-10,09:33:00,1371.2,1371.2,1371.2,1371.2,0.0
2023-07-10,09:36:00,1371.2,1371.2,1371.2,1371.2,0.0
2023-07-10,09:39:00,1371.2,1371.2,1371.2,1371.2,0.0
2023-07-10,09:42:00,1371.2,1371.2,1371.2,1371.2,0.0
2023-07-10,09:45:00,1371.2,1371.2,1371.2,1371.2,0.0
2023-07-10,09:48:00,1371.2,1371.2,1371.2,1371.2,0.0
2023-07-10,09:51:00,1371.2,1371.2,1371.2,1371.2,0.0
2023-07-10,09:54:00,1371.2,1371.2,1371.2,1371.2,0.0
2023-07-10,09:57:00,1371.2,1371.2,1371.2,1371.2,0.0
2023-07-10,10:00:00,1371.2,1371.2,1371.2,1371.2,0.0
2023-07-10,10:03:00,1371.2,1371.2,1371.2,1371.2,0.0
2023-07-10,10:06:00,1371.2,1371.2,1371.2,1371.2,0.0
2023-07-10,10:09:00,1371.2,1371.2,1371.2,1371.2,0.0
2023-07-10,10:12:00,1371.2,1371.2,1371.2,1371.2,0.0
2023-07-10,10:15:00,1371.2,1371.2,1371.2,1371.2,0.0
2023-07-10,10:18:00,1371.2,1371.2,1371.2,1371.2,0.0
2023-07-10,10:21:00,1371.2,1371.2,1371.2,1371.2,0.0
2023-07-10,10:24:00,1371.2,1371.2,1371.2,1371.2,0.0
2023-07-10,10:27:00,1371.2,1371.2,1371.2,1371.2,0.0
2023-07-10,10:30:00,1371.2,1371.2,1371.2,1371.2,0.0
2023-07-10,10:33:00,1371.2,1371.2,1371.2,1371.2,0.0
2023-07-10,10:36:00,1371.2,1371.2,1371.2,1371.2,0.0
2023-07-10,10:39:00,1371.2,1371.2,1371.2,1371.2,0.0
2023-07-10,10:42:00,1371.2,1371.2,1371.2,1371.2,0.0
2023-07-10,10:45:00,1371.2,1371.2,1371.2,1371.2,0.0
2023-07-10,10:48:00,1371.2,1371.2,1371.2,1371.2,0.0
2023-07-10,10:51:00,1371.2,1371.2,1371.2,1371.2,0.0
2023-07-10,10:54:00,1371.2,1371.2,1371.2,1371.2,0.0
2023-07-10,10:57:00,1371.2,1371.2,1371.2,1371.2,0.0
2023-07-10,11:00:00,1371.2,1371.2,1371.2,1371.2,0.0
2023-07-10,11:03:00,1371.2,1371.2,1371.2,1371.2,0.0
2023-07-10,11:06:00,1371.2,1371.2,1371.2,1371.2,0.0
2023-07-10,11:09:00,1371.2,1371.2,1371.2,1371.2,0.0
2023-07-10,11:12:00,1371.2,1371.2,1371.2,1371.2,0.0
2023-07-10,11:15:00,1371.2,1371.2,1371.2,1371.2,0.0
2023-07-10,11:18:00,1371.2,1371.2,1371.2,1371.2,0.0
2023-07-10,11:21:00,1371.2,1371.2,1371.2,1371.2,0.0
2023-07-10,11:24:00,1371.2,1371.2,1371.2,1371.2,0.0
2023-07-10,11:27:00,1371.2,1371.2,1371.2,1371.2,0.0
2023-07-10,11:30:00,1371.2,1371.2,1371.2,1371.2,0.0
2023-07-10,11:33:00,1371.2,1371.2,1371.2,1371.2,0.0
2023-07-10,11:36:00,1371.2,1371.2,1371.2,1371.2,0.0
2023-07-10,11:39:00,1371.2,1371.2,1371.2,1371.2,0.0
2023-07-10,11:42:00,1371.2,1371.2,1371.2,1371.2,0.0
2023-07-10,11:45:00,1371.2,1371.2,1371.2,1371.2,0.0
2023-07-10,11:48:00,1371.2,1371.2,1371.2,1371.2,0.0
2023-07-10,11:51:00,1371.2,1371.2,1371.2,1371.2,0.0
2023-07-10,11:54:00,1371.2,1371.2,1371.2,1371.2,0.0
2023-07-10,11:57:00,1371.2,1371.2,1371.2,1371.2,0.0
2023-07-10,12:00:00,1371.2,1371.2,1371.2,1371.2,0.0
2023-07-10,12:03:00,1371.2,1371.2,1371.2,1371.2,0.0
2023-07-10,12:06:00,1371.2,1371.2,1371.2,1371.2,0.0
2023-07-10,12:09:00,1371.2,1371.2,1371.2,1371.2,0.0
2023-07-10,12:12:00,1371.2,1371.2,1371.2,1371.2,0.0
2023-07-10,12:15:00,1371.2,1371.2,1371.2,1371.2,0.0
2023-07-10,12:18:00,1371.2,1371.2,1371.2,1371.2,0.0
2023-07-10,12:21:00,1371.2,1371.2,1371.2,1371.2,0.0
2023-07-10,12:24:00,1371.2,1371.2,1371.2,1371.2,0.0
2023-07-10,12:27:00,1371.2,1371.2,1371.2,1371.2,0.0
2023-07-10,12:30:00,1371.2,1371.2,1371.2,1371.2,0.0
2023-07-10,12:33:00,1371.2,1371.2,1371.2,1371.2,0.0
2023-07-10,12:36:00,1371.2,1371.2,1371.2,1371.2,0.0
2023-07-10,12:39:00,1371.2,1371.2,1371.2,1371.2,0.0
2023-07-10,12:42:00,1371.2,1371.2,1371.2,1371.2,0.0
2023-07-10,12:45:00,1371.2,1371.2,1371.2,1371.2,0.0
2023-07-10,12:48:00,1371.2,1371.2,1371.2,1371.2,0.0
2023-07-10,12:51:00,1371.2,1371.2,1371.2,1371.2,0.0
2023-07-10,12:54:00,1371.2,1371.2,1371.2,1371.2,0.0
2023-07-10,12:57:00,1371.2,1371.2,1371.2,1371.2,0.0
2023-07-10,13:00:00,1371.2,1371.2,1371.2,1371.2,0.0
2023-07-10,13:03:00,1371.2,1371.2,1371.2,1371.2,0.0
2023-07-10,13:06:00,1371.2,1371.2,1371.2,1371.2,0.0
2023-07-10,13:09:00,1371.2,1371.2,1371.2,1371.2,0.0
2023-07-10,13:12:00,1371.2,1371.2,1371.2,1371.2,0.0
2023-07-10,13:15:00,1371.2,1371.2,1371.2,1371.2,0.0
2023-07-10,13:18:00,1371.2,1371.2,1371.2,1371.2,0.0
2023-07-10,13:21:00,1371.2,1371.2,1371.2,1371.2,0.0
2023-07-10,13:24:00,1371.2,1371.2,1371.2,1371.2,0.0
2023-07-10,13:27:00,1371.2,1371.2,1371.2,1371.2,0.0
2023-07-10,13:30:00,1371.2,1371.2,1371.2,1371.2,0.0
2023-07-10,13:33:00,1371.2,1371.2,1371.2,1371.2,0.0
2023-07-10,13:36:00,1371.2,1371.2,1371.2,1371.2,0.0
2023-07-10,13:39:00,1371.2,1371.2,1371.2,1371.2,0.0
2023-07-10,13:42:00,1371.2,1371.2,1371.2,1371.2,0.0
2023-07-10,13:45:00,1371.2,1371.2,1371.2,1371.2,0.0
2023-07-10,13:48:00,1371.2,1371.2,1371.2,1371.2,0.0
2023-07-10,13:51:00,1371.2,1371.2,1371.2,1371.2,0.0
2023-07-10,13:54:00,1371.2,1371.2,1371.2,1371.2,0.0
2023-07-10,13:57:00,1371.2,1371.2,1371.2,1371.2,0.0
2023-07-10,14:00:00,1371.2,1371.2,1371.2,1371.2,0.0
2023-07-10,14:03:00,1371.2,1371.2,1371.2,1371.2,0.0
2023-07-10,14:06:00,1371.2,1371.2,1371.2,1371.2,0.0
2023-07-10,14:09:00,1371.2,1371.2,1371.2,1371.2,0.0
2023-07-10,14:12:00,1371.2,1371.2,1371.2,1371.2,0.0
2023-07-10,14:15:00,1371.2,1371.2,1371.2,1371.2,0.0
2023-07-10,14:18:00,1371.2,1371.2,1371.2,1371.2,0.0
2023-07-10,14:21:00,1371.2,1371.2,1371.2,1371.2,0.0
2023-07-10,14:24:00,1371.2,1371.2,1371.2,1371.2,0.0
2023-07-10,14:27:00,1371.2,1371.2,1371.2,1371.2,0.0
2023-07-10,14:30:00,1371.2,1371.2,1371.2,1371.2,0.0
2023-07-10,14:33:00,1371.2,1371.2,1371.2,1371.2,0.0
2023-07-10,14:36:00,1371.2,1371.2,1371.2,1371.2,0.0
2023-07-10,14:39:00,1371.2,1371.2,1371.2,1371.2,0.0
2023-07-10,14:42:00,1371.2,1371.2,1371.2,1371.2,0.0
2023-07-10,14:45:00,1371.2,1371.2,1371.2,1371.2,0.0
2023-07-10,14:48:00,1371.2,1371.2,1371.2,1371.2,0.0
2023-07-10,14:51:00,1371.2,1371.2,1371.2,1371.2,0.0
2023-07-10,14:54:00,1371.2,1371.2,1371.2,1371.2,0.0
2023-07-10,14:57:00,1371.2,1371.2,1371.2,1371.2,0.0
2023-07-10,15:00:00,1371.2,1371.2,1371.2,1371.2,0.0
2023-07-10,15:03:00,1371.2,1371.2,1371.2,1371.2,0.0
2023-07-10,15:06:00,1371.2,1371.2,1371.2,1371.2,0.0
2023-07-10,15:09:00,1371.2,1371.2,1371.2,1371.2,0.0
2023-07-10,15:12:00,1371.2,1371.2,1371.2,1371.2,0.0
2023-07-10,15:15:00,1371.2,1371.2,1371.2,1371.2,0.0
2023-07-10,15:18:00,1371.2,1371.2,1371.2,1371.2,0.0
2023-07-10,15:21:00,1371.2,1371.2,1371.2,1371.2,0.0
2023-07-10,15:24:00,1371.2,1371.2,1371.2,1371.2,0.0
2023-07-10,15:27:00,1371.2,1371.2,1371.2,1371.2,0.0
2023-07-11,09:15:00,1371.2,1371.2,1371.2,1371.2,0.0
2023-07-11,09:18:00,1371.2,1371.2,1371.2,1371.2,0.0
2023-07-11,09:21:00,1371.2,1371.2,1371.2,1371.2,0.0
2023-07-11,09:24:00,1371.2,1371.2,1371.2,1371.2,0.0
2023-07-11,09:27:00,1371.2,1371.2,1371.2,1371.2,0.0
2023-07-11,09:30:00,1371.2,1371.2,1371.2,1371.2,0.0
2023-07-11,09:33:00,1371.2,1371.2,1371.2,1371.2,0.0
2023-07-11,09:36:00,1371.2,1371.2,1371.2,1371.2,0.0
2023-07-11,09:39:00,1371.2,1371.2,1371.2,1371.2,0.0
2023-07-11,09:42:00,1371.2,1371.2,1371.2,1371.2,0.0
2023-07-11,09:45:00,1371.2,1371.2,1371.2,1371.2,0.0
2023-07-11,09:48:00,1371.2,1371.2,1371.2,1371.2,0.0
2023-07-11,09:51:00,1371.2,1371.2,1371.2,1371.2,0.0
2023-07-11,09:54:00,1371.2,1371.2,1371.2,1371.2,0.0
2023-07-11,09:57:00,1371.2,1371.2,1371.2,1371.2,0.0
2023-07-11,10:00:00,1371.2,1371.2,1371.2,1371.2,0.0
2023-07-11,10:03:00,1371.2,1371.2,1371.2,1371.2,0.0
2023-07-11,10:06:00,1371.2,1371.2,1371.2,1371.2,0.0
2023-07-11,10:09:00,1371.2,1371.2,1371.2,1371.2,0.0
2023-07-11,10:12:00,1371.2,1371.2,1371.2,1371.2,0.0
2023-07-11,10:15:00,1371.2,1371.2,1371.2,1371.2,0.0
2023-07-11,10:18:00,1371.2,1371.2,1371.2,1371.2,0.0
2023-07-11,10:21:00,1371.2,1371.2,1371.2,1371.2,0.0
2023-07-11,10:24:00,1371.2,1371.2,1371.2,1371.2,0.0
2023-07-11,10:27:00,1371.2,1371.2,1371.2,1371.2,0.0
2023-07-11,10:30:00,1371.2,1371.2,1371.2,1371.2,0.0
2023-07-11,10:33:00,1371.2,1371.2,1371.2,1371.2,0.0
2023-07-11,10:36:00,1371.2,1371.2,1371.2,1371.2,0.0
2023-07-11,10:39:00,1371.2,1371.2,1371.2,1371.2,0.0
2023-07-11,10:42:00,1371.2,1371.2,1371.2,1371.2,0.0
2023-07-11,10:45:00,1371.2,1371.2,1371.2,1371.2,0.0
2023-07-11,10:48:00,1371.2,1371.2,1371.2,1371.2,0.0
2023-07-11,10:51:00,1371.2,1371.2,1371.2,1371.2,0.0
2023-07-11,10:54:00,1371.2,1371.2,650.0,650.0,100.0
2023-07-11,10:57:00,650.0,650.0,650.0,650.0,0.0
2023-07-11,11:00:00,650.0,650.0,650.0,650.0,0.0
2023-07-11,11:03:00,650.0,650.0,650.0,650.0,0.0
2023-07-11,11:06:00,650.0,650.0,650.0,650.0,0.0
2023-07-11,11:09:00,650.0,650.0,650.0,650.0,0.0
2023-07-11,11:12:00,650.0,650.0,650.0,650.0,0.0
2023-07-11,11:15:00,650.0,650.0,650.0,650.0,0.0
2023-07-11,11:18:00,650.0,650.0,650.0,650.0,0.0
2023-07-11,11:21:00,650.0,650.0,650.0,650.0,0.0
2023-07-11,11:24:00,650.0,650.0,650.0,650.0,0.0
2023-07-11,11:27:00,650.0,650.0,650.0,650.0,0.0
2023-07-11,11:30:00,644.0,644.0,644.0,644.0,50.0
2023-07-11,11:33:00,644.0,644.0,644.0,644.0,0.0
2023-07-11,11:36:00,644.0,644.0,644.0,644.0,0.0
2023-07-11,11:39:00,644.0,644.0,644.0,644.0,0.0
2023-07-11,11:42:00,644.0,644.0,644.0,644.0,0.0
2023-07-11,11:45:00,644.0,644.0,644.0,644.0,0.0
2023-07-11,11:48:00,644.0,644.0,644.0,644.0,0.0
2023-07-11,11:51:00,644.0,644.0,644.0,644.0,0.0
2023-07-11,11:54:00,644.0,644.0,644.0,644.0,0.0
2023-07-11,11:57:00,644.0,644.0,644.0,644.0,0.0
2023-07-11,12:00:00,644.0,644.0,629.2,629.2,100.0
2023-07-11,12:03:00,629.2,629.2,629.2,629.2,0.0
2023-07-11,12:06:00,629.2,629.2,629.2,629.2,0.0
2023-07-11,12:09:00,629.2,629.2,629.2,629.2,0.0
2023-07-11,12:12:00,629.2,629.2,629.2,629.2,0.0
2023-07-11,12:15:00,629.2,629.2,629.2,629.2,0.0
2023-07-11,12:18:00,629.2,629.2,629.2,629.2,0.0
2023-07-11,12:21:00,629.2,629.2,629.2,629.2,0.0
2023-07-11,12:24:00,629.2,629.2,629.2,629.2,0.0
2023-07-11,12:27:00,629.2,629.2,629.2,629.2,0.0
2023-07-11,12:30:00,629.2,629.2,629.2,629.2,0.0
2023-07-11,12:33:00,629.2,629.2,629.2,629.2,0.0
2023-07-11,12:36:00,629.2,629.2,629.2,629.2,0.0
2023-07-11,12:39:00,629.2,629.2,629.2,629.2,0.0
2023-07-11,12:42:00,629.2,629.2,629.2,629.2,0.0
2023-07-11,12:45:00,629.2,629.2,629.2,629.2,0.0
2023-07-11,12:48:00,629.2,629.2,629.2,629.2,0.0
2023-07-11,12:51:00,629.2,629.2,629.2,629.2,0.0
2023-07-11,12:54:00,629.2,629.2,629.2,629.2,0.0
2023-07-11,12:57:00,629.2,629.2,629.2,629.2,0.0
2023-07-11,13:00:00,629.2,629.2,629.2,629.2,0.0
2023-07-11,13:03:00,629.2,629.2,629.2,629.2,0.0
2023-07-11,13:06:00,629.2,629.2,629.2,629.2,0.0
2023-07-11,13:09:00,629.2,629.2,629.2,629.2,0.0
2023-07-11,13:12:00,629.2,629.2,629.2,629.2,0.0
2023-07-11,13:15:00,629.2,629.2,629.2,629.2,0.0
2023-07-11,13:18:00,629.2,629.2,629.2,629.2,0.0
2023-07-11,13:21:00,629.2,629.2,629.2,629.2,0.0
2023-07-11,13:24:00,629.2,629.2,629.2,629.2,0.0
2023-07-11,13:27:00,629.2,629.2,629.2,629.2,0.0
2023-07-11,13:30:00,629.2,629.2,629.2,629.2,0.0
2023-07-11,13:33:00,629.2,629.2,629.2,629.2,0.0
2023-07-11,13:36:00,629.2,629.2,629.2,629.2,0.0
2023-07-11,13:39:00,629.2,629.2,629.2,629.2,0.0
2023-07-11,13:42:00,629.2,629.2,629.2,629.2,0.0
2023-07-11,13:45:00,629.2,629.2,629.2,629.2,0.0
2023-07-11,13:48:00,629.2,629.2,629.2,629.2,0.0
2023-07-11,13:51:00,629.2,629.2,629.2,629.2,0.0
2023-07-11,13:54:00,629.2,629.2,629.2,629.2,0.0
2023-07-11,13:57:00,629.2,629.2,629.2,629.2,0.0
2023-07-11,14:00:00,629.2,629.2,629.2,629.2,0.0
2023-07-11,14:03:00,629.2,629.2,629.2,629.2,0.0
2023-07-11,14:06:00,629.2,629.2,629.2,629.2,0.0
2023-07-11,14:09:00,629.2,629.2,629.2,629.2,0.0
2023-07-11,14:12:00,629.2,629.2,629.2,629.2,0.0
2023-07-11,14:15:00,629.2,629.2,629.2,629.2,0.0
2023-07-11,14:18:00,629.2,629.2,629.2,629.2,0.0
2023-07-11,14:21:00,629.2,629.2,629.2,629.2,0.0
2023-07-11,14:24:00,629.2,629.2,629.2,629.2,0.0
2023-07-11,14:27:00,629.2,629.2,629.2,629.2,0.0
2023-07-11,14:30:00,629.2,629.2,629.2,629.2,0.0
2023-07-11,14:33:00,629.2,629.2,629.2,629.2,0.0
2023-07-11,14:36:00,629.2,629.2,629.2,629.2,0.0
2023-07-11,14:39:00,629.2,629.2,629.2,629.2,0.0
2023-07-11,14:42:00,629.2,629.2,629.2,629.2,0.0
2023-07-11,14:45:00,629.2,629.2,629.2,629.2,0.0
2023-07-11,14:48:00,629.2,629.2,629.2,629.2,0.0
2023-07-11,14:51:00,629.2,629.2,629.2,629.2,0.0
2023-07-11,14:54:00,629.2,629.2,629.2,629.2,0.0
2023-07-11,14:57:00,629.2,629.2,629.2,629.2,0.0
2023-07-11,15:00:00,629.2,629.2,629.2,629.2,0.0
2023-07-11,15:03:00,629.2,629.2,629.2,629.2,0.0
2023-07-11,15:06:00,629.2,686.5,629.2,686.5,50.0
2023-07-11,15:09:00,686.5,686.5,686.5,686.5,0.0
2023-07-11,15:12:00,686.5,686.5,686.5,686.5,0.0
2023-07-11,15:15:00,686.5,686.5,686.5,686.5,0.0
2023-07-11,15:18:00,686.5,686.5,686.5,686.5,0.0
2023-07-11,15:21:00,686.5,686.5,686.5,686.5,0.0
2023-07-11,15:24:00,686.5,686.5,686.5,686.5,0.0
2023-07-11,15:27:00,686.5,686.5,686.5,686.5,0.0
2023-07-12,09:15:00,686.5,686.5,686.5,686.5,0.0
2023-07-12,09:18:00,686.5,686.5,686.5,686.5,0.0
2023-07-12,09:21:00,686.5,686.5,686.5,686.5,0.0
2023-07-12,09:24:00,686.5,686.5,686.5,686.5,0.0
2023-07-12,09:27:00,686.5,686.5,686.5,686.5,0.0
2023-07-12,09:30:00,686.5,686.5,686.5,686.5,0.0
2023-07-12,09:33:00,686.5,686.5,686.5,686.5,0.0
2023-07-12,09:36:00,686.5,686.5,686.5,686.5,0.0
2023-07-12,09:39:00,686.5,686.5,686.5,686.5,0.0
2023-07-12,09:42:00,686.5,686.5,686.5,686.5,0.0
2023-07-12,09:45:00,686.5,686.5,686.5,686.5,0.0
2023-07-12,09:48:00,686.5,686.5,686.5,686.5,0.0
2023-07-12,09:51:00,686.5,686.5,686.5,686.5,0.0
2023-07-12,09:54:00,686.5,686.5,686.5,686.5,0.0
2023-07-12,09:57:00,686.5,686.5,686.5,686.5,0.0
2023-07-12,10:00:00,686.5,686.5,686.5,686.5,0.0
2023-07-12,10:03:00,686.5,686.5,686.5,686.5,0.0
2023-07-12,10:06:00,686.5,686.5,686.5,686.5,0.0
2023-07-12,10:09:00,686.5,686.5,686.5,686.5,0.0
2023-07-12,10:12:00,686.5,686.5,686.5,686.5,0.0
2023-07-12,10:15:00,686.5,686.5,686.5,686.5,0.0
2023-07-12,10:18:00,686.5,686.5,686.5,686.5,0.0
2023-07-12,10:21:00,686.5,686.5,686.5,686.5,0.0
2023-07-12,10:24:00,686.5,686.5,686.5,686.5,0.0
2023-07-12,10:27:00,686.5,686.5,686.5,686.5,0.0
2023-07-12,10:30:00,686.5,686.5,686.5,686.5,0.0
2023-07-12,10:33:00,686.5,686.5,686.5,686.5,0.0
2023-07-12,10:36:00,686.5,686.5,686.5,686.5,0.0
2023-07-12,10:39:00,686.5,686.5,686.5,686.5,0.0
2023-07-12,10:42:00,686.5,686.5,686.5,686.5,0.0
2023-07-12,10:45:00,686.5,686.5,658.3,658.3,50.0
2023-07-12,10:48:00,658.3,658.3,658.3,658.3,0.0
2023-07-12,10:51:00,658.3,658.3,658.3,658.3,0.0
2023-07-12,10:54:00,658.3,658.3,658.3,658.3,0.0
2023-07-12,10:57:00,658.3,658.3,658.3,658.3,0.0
2023-07-12,11:00:00,658.3,658.3,658.3,658.3,0.0
2023-07-12,11:03:00,658.3,658.3,658.3,658.3,0.0
2023-07-12,11:06:00,658.3,658.3,658.3,658.3,0.0
2023-07-12,11:09:00,658.3,658.3,658.3,658.3,0.0
2023-07-12,11:12:00,658.3,658.3,658.3,658.3,0.0
2023-07-12,11:15:00,658.3,658.3,658.3,658.3,0.0
2023-07-12,11:18:00,658.3,658.3,658.3,658.3,0.0
2023-07-12,11:21:00,658.3,658.3,658.3,658.3,0.0
2023-07-12,11:24:00,658.3,658.3,658.3,658.3,0.0
2023-07-12,11:27:00,658.3,658.3,658.3,658.3,0.0
2023-07-12,11:30:00,658.3,658.3,658.3,658.3,0.0
2023-07-12,11:33:00,658.3,680.05,658.3,680.05,50.0
2023-07-12,11:36:00,680.05,680.05,680.05,680.05,0.0
2023-07-12,11:39:00,680.05,680.05,680.05,680.05,0.0
2023-07-12,11:42:00,680.05,680.05,680.05,680.05,0.0
2023-07-12,11:45:00,680.05,680.05,680.05,680.05,0.0
2023-07-12,11:48:00,680.05,680.05,680.05,680.05,0.0
2023-07-12,11:51:00,680.05,680.05,680.05,680.05,0.0
2023-07-12,11:54:00,680.05,680.05,680.05,680.05,0.0
2023-07-12,11:57:00,680.05,680.05,680.05,680.05,0.0
2023-07-12,12:00:00,680.05,680.05,680.05,680.05,0.0
2023-07-12,12:03:00,680.05,680.05,680.05,680.05,0.0
2023-07-12,12:06:00,680.05,680.05,680.05,680.05,0.0
2023-07-12,12:09:00,680.05,680.05,680.05,680.05,0.0
2023-07-12,12:12:00,680.05,680.05,680.05,680.05,0.0
2023-07-12,12:15:00,680.05,680.05,680.05,680.05,0.0
2023-07-12,12:18:00,680.05,680.05,680.05,680.05,0.0
2023-07-12,12:21:00,680.05,680.05,680.05,680.05,0.0
2023-07-12,12:24:00,680.05,680.05,680.05,680.05,0.0
2023-07-12,12:27:00,680.05,680.05,680.05,680.05,0.0
2023-07-12,12:30:00,680.05,680.05,680.05,680.05,0.0
2023-07-12,12:33:00,680.05,680.05,680.05,680.05,0.0
2023-07-12,12:36:00,680.05,680.05,680.05,680.05,0.0
2023-07-12,12:39:00,680.05,680.05,680.05,680.05,0.0
2023-07-12,12:42:00,680.05,680.05,680.05,680.05,0.0
2023-07-12,12:45:00,680.05,680.05,680.05,680.05,0.0
2023-07-12,12:48:00,691.85,691.85,691.85,691.85,50.0
2023-07-12,12:51:00,691.85,691.85,691.85,691.85,0.0
2023-07-12,12:54:00,691.85,691.85,691.85,691.85,0.0
2023-07-12,12:57:00,691.85,691.85,691.85,691.85,0.0
2023-07-12,13:00:00,691.85,691.85,691.85,691.85,0.0
2023-07-12,13:03:00,691.85,691.85,691.85,691.85,0.0
2023-07-12,13:06:00,691.85,691.85,691.85,691.85,0.0
2023-07-12,13:09:00,691.85,691.85,691.85,691.85,0.0
2023-07-12,13:12:00,691.85,691.85,691.85,691.85,0.0
2023-07-12,13:15:00,691.85,691.85,691.85,691.85,0.0
2023-07-12,13:18:00,691.85,691.85,691.85,691.85,0.0
2023-07-12,13:21:00,691.85,691.85,691.85,691.85,0.0
2023-07-12,13:24:00,691.85,691.85,691.85,691.85,0.0
2023-07-12,13:27:00,691.85,691.85,691.85,691.85,0.0
2023-07-12,13:30:00,691.85,691.85,691.85,691.85,0.0
2023-07-12,13:33:00,691.85,691.85,691.85,691.85,0.0
2023-07-12,13:36:00,691.85,691.85,691.85,691.85,0.0
2023-07-12,13:39:00,691.85,691.85,691.85,691.85,0.0
2023-07-12,13:42:00,691.85,691.85,691.85,691.85,0.0
2023-07-12,13:45:00,691.85,691.85,691.85,691.85,0.0
2023-07-12,13:48:00,691.85,691.85,691.85,691.85,0.0
2023-07-12,13:51:00,691.85,691.85,691.85,691.85,0.0
2023-07-12,13:54:00,691.85,691.85,691.85,691.85,0.0
2023-07-12,13:57:00,691.85,691.85,691.85,691.85,0.0
2023-07-12,14:00:00,691.85,691.85,691.85,691.85,0.0
2023-07-12,14:03:00,691.85,691.85,691.85,691.85,0.0
2023-07-12,14:06:00,691.85,691.85,691.85,691.85,0.0
2023-07-12,14:09:00,691.85,691.85,691.85,691.85,0.0
2023-07-12,14:12:00,691.85,691.85,691.85,691.85,0.0
2023-07-12,14:15:00,691.85,691.85,691.85,691.85,0.0
2023-07-12,14:18:00,691.85,691.85,691.85,691.85,0.0
2023-07-12,14:21:00,691.85,691.85,691.85,691.85,0.0
2023-07-12,14:24:00,691.85,691.85,691.85,691.85,0.0
2023-07-12,14:27:00,691.85,691.85,691.85,691.85,0.0
2023-07-12,14:30:00,691.85,691.85,691.85,691.85,0.0
2023-07-12,14:33:00,691.85,691.85,691.85,691.85,0.0
2023-07-12,14:36:00,691.85,691.85,691.85,691.85,0.0
2023-07-12,14:39:00,691.85,691.85,691.85,691.85,0.0
2023-07-12,14:42:00,691.85,691.85,691.85,691.85,0.0
2023-07-12,14:45:00,691.85,691.85,691.85,691.85,0.0
2023-07-12,14:48:00,691.85,691.85,691.85,691.85,0.0
2023-07-12,14:51:00,691.85,691.85,691.85,691.85,0.0
2023-07-12,14:54:00,691.85,691.85,691.85,691.85,0.0
2023-07-12,14:57:00,691.85,691.85,691.85,691.85,0.0
2023-07-12,15:00:00,691.85,691.85,691.85,691.85,100.0
2023-07-12,15:03:00,691.85,691.85,691.85,691.85,0.0
2023-07-12,15:06:00,691.85,691.85,691.85,691.85,0.0
2023-07-12,15:09:00,691.85,691.85,691.85,691.85,0.0
2023-07-12,15:12:00,691.85,691.85,691.85,691.85,0.0
2023-07-12,15:15:00,691.85,691.85,691.85,691.85,0.0
2023-07-12,15:18:00,691.85,691.85,691.85,691.85,0.0
2023-07-12,15:21:00,691.85,691.85,691.85,691.85,0.0
2023-07-12,15:24:00,691.85,691.85,691.85,691.85,0.0
2023-07-12,15:27:00,691.85,717.9,691.85,717.9,50.0
2023-07-13,09:15:00,717.9,717.9,640.3,640.3,100.0
2023-07-13,09:18:00,640.3,640.3,640.3,640.3,0.0
2023-07-13,09:21:00,640.3,640.3,640.3,640.3,0.0
2023-07-13,09:24:00,640.3,640.3,640.3,640.3,0.0
2023-07-13,09:27:00,640.3,640.3,640.3,640.3,0.0
2023-07-13,09:30:00,640.3,640.3,640.3,640.3,0.0
2023-07-13,09:33:00,640.3,640.3,640.3,640.3,0.0
2023-07-13,09:36:00,640.3,640.3,640.3,640.3,0.0
2023-07-13,09:39:00,640.3,640.3,628.6,628.6,100.0
2023-07-13,09:42:00,628.6,628.6,628.6,628.6,0.0
2023-07-13,09:45:00,628.6,628.6,628.6,628.6,0.0
2023-07-13,09:48:00,628.6,628.6,628.6,628.6,0.0
2023-07-13,09:51:00,628.6,628.6,628.6,628.6,0.0
2023-07-13,09:54:00,628.6,628.6,628.6,628.6,0.0
2023-07-13,09:57:00,628.6,628.6,628.6,628.6,0.0
2023-07-13,10:00:00,628.6,628.6,628.6,628.6,0.0
2023-07-13,10:03:00,628.6,628.6,628.6,628.6,0.0
2023-07-13,10:06:00,628.6,628.6,628.6,628.6,0.0
2023-07-13,10:09:00,628.6,628.6,628.6,628.6,0.0
2023-07-13,10:12:00,628.6,628.6,628.6,628.6,0.0
2023-07-13,10:15:00,628.6,628.6,628.6,628.6,0.0
2023-07-13,10:18:00,628.6,628.6,628.6,628.6,0.0
2023-07-13,10:21:00,628.6,628.6,628.6,628.6,0.0
2023-07-13,10:24:00,628.6,628.6,628.6,628.6,0.0
2023-07-13,10:27:00,628.6,628.6,628.6,628.6,0.0
2023-07-13,10:30:00,628.6,628.6,628.6,628.6,0.0
2023-07-13,10:33:00,628.6,628.6,628.6,628.6,0.0
2023-07-13,10:36:00,628.6,628.6,628.6,628.6,0.0
2023-07-13,10:39:00,628.6,628.6,628.6,628.6,0.0
2023-07-13,10:42:00,628.6,628.6,628.6,628.6,0.0
2023-07-13,10:45:00,628.6,628.6,628.6,628.6,0.0
2023-07-13,10:48:00,628.6,628.6,628.6,628.6,0.0
2023-07-13,10:51:00,628.6,628.6,628.6,628.6,0.0
2023-07-13,10:54:00,628.6,628.6,628.6,628.6,0.0
2023-07-13,10:57:00,628.6,628.6,628.6,628.6,0.0
2023-07-13,11:00:00,628.6,628.6,628.6,628.6,0.0
2023-07-13,11:03:00,628.6,628.6,628.6,628.6,0.0
2023-07-13,11:06:00,628.6,628.6,628.6,628.6,0.0
2023-07-13,11:09:00,628.6,628.6,628.6,628.6,0.0
2023-07-13,11:12:00,628.6,628.6,628.6,628.6,0.0
2023-07-13,11:15:00,628.6,628.6,628.6,628.6,0.0
2023-07-13,11:18:00,628.6,628.6,628.6,628.6,0.0
2023-07-13,11:21:00,628.6,628.6,628.6,628.6,0.0
2023-07-13,11:24:00,628.6,628.6,628.6,628.6,0.0
2023-07-13,11:27:00,628.6,628.6,628.6,628.6,0.0
2023-07-13,11:30:00,628.6,628.6,628.6,628.6,0.0
2023-07-13,11:33:00,628.6,628.6,628.6,628.6,0.0
2023-07-13,11:36:00,628.6,628.6,628.6,628.6,0.0
2023-07-13,11:39:00,628.6,628.6,628.6,628.6,0.0
2023-07-13,11:42:00,628.6,628.6,628.6,628.6,0.0
2023-07-13,11:45:00,628.6,628.6,628.6,628.6,0.0
2023-07-13,11:48:00,628.6,628.6,628.6,628.6,0.0
2023-07-13,11:51:00,628.6,628.6,628.6,628.6,0.0
2023-07-13,11:54:00,628.6,628.6,628.6,628.6,0.0
2023-07-13,11:57:00,628.6,628.6,628.6,628.6,0.0
2023-07-13,12:00:00,628.6,628.6,628.6,628.6,0.0
2023-07-13,12:03:00,628.6,628.6,628.6,628.6,0.0
2023-07-13,12:06:00,628.6,628.6,628.6,628.6,0.0
2023-07-13,12:09:00,628.6,628.6,628.6,628.6,0.0
2023-07-13,12:12:00,628.6,628.6,628.6,628.6,0.0
2023-07-13,12:15:00,628.6,628.6,628.6,628.6,0.0
2023-07-13,12:18:00,628.6,628.6,628.6,628.6,0.0
2023-07-13,12:21:00,628.6,628.6,628.6,628.6,0.0
2023-07-13,12:24:00,628.6,628.6,628.6,628.6,0.0
2023-07-13,12:27:00,628.6,628.6,628.6,628.6,0.0
2023-07-13,12:30:00,628.6,628.6,628.6,628.6,0.0
2023-07-13,12:33:00,628.6,628.6,580.15,594.25,350.0
2023-07-13,12:36:00,594.25,594.25,594.25,594.25,0.0
2023-07-13,12:39:00,594.25,594.25,594.25,594.25,0.0
2023-07-13,12:42:00,594.25,594.25,594.25,594.25,0.0
2023-07-13,12:45:00,594.25,594.25,594.25,594.25,0.0
2023-07-13,12:48:00,594.25,594.25,594.25,594.25,0.0
2023-07-13,12:51:00,594.25,594.25,594.25,594.25,0.0
2023-07-13,12:54:00,594.25,594.25,594.25,594.25,0.0
2023-07-13,12:57:00,594.25,594.25,594.25,594.25,0.0
2023-07-13,13:00:00,594.25,594.25,594.25,594.25,0.0
2023-07-13,13:03:00,594.25,594.25,594.25,594.25,0.0
2023-07-13,13:06:00,594.25,594.25,594.25,594.25,0.0
2023-07-13,13:09:00,594.25,594.25,594.25,594.25,0.0
2023-07-13,13:12:00,594.25,594.25,594.25,594.25,0.0
2023-07-13,13:15:00,594.25,594.25,594.25,594.25,0.0
2023-07-13,13:18:00,594.25,594.25,579.75,579.75,100.0
2023-07-13,13:21:00,579.75,579.75,579.75,579.75,0.0
2023-07-13,13:24:00,579.75,579.75,579.75,579.75,0.0
2023-07-13,13:27:00,579.75,579.75,579.75,579.75,0.0
2023-07-13,13:30:00,579.75,579.75,579.75,579.75,0.0
2023-07-13,13:33:00,579.75,579.75,579.75,579.75,0.0
2023-07-13,13:36:00,579.75,579.75,579.75,579.75,0.0
2023-07-13,13:39:00,579.75,579.75,579.75,579.75,0.0
2023-07-13,13:42:00,579.75,579.75,579.75,579.75,0.0
2023-07-13,13:45:00,579.75,579.75,579.75,579.75,0.0
2023-07-13,13:48:00,579.75,579.75,579.75,579.75,0.0
2023-07-13,13:51:00,579.75,579.75,579.75,579.75,0.0
2023-07-13,13:54:00,579.75,579.75,579.75,579.75,0.0
2023-07-13,13:57:00,579.75,579.75,579.75,579.75,0.0
2023-07-13,14:00:00,579.75,579.75,579.75,579.75,0.0
2023-07-13,14:03:00,579.75,579.75,579.75,579.75,0.0
2023-07-13,14:06:00,579.75,579.75,579.75,579.75,0.0
2023-07-13,14:09:00,579.75,579.75,579.75,579.75,0.0
2023-07-13,14:12:00,579.75,579.75,579.75,579.75,0.0
2023-07-13,14:15:00,579.75,579.75,579.75,579.75,0.0
2023-07-13,14:18:00,579.75,579.75,579.75,579.75,0.0
2023-07-13,14:21:00,579.75,579.75,579.75,579.75,0.0
2023-07-13,14:24:00,579.75,579.75,579.75,579.75,0.0
2023-07-13,14:27:00,579.75,579.75,579.75,579.75,0.0
2023-07-13,14:30:00,579.75,579.75,579.75,579.75,0.0
2023-07-13,14:33:00,579.75,579.75,579.75,579.75,0.0
2023-07-13,14:36:00,579.75,579.75,579.75,579.75,0.0
2023-07-13,14:39:00,579.75,579.75,579.75,579.75,0.0
2023-07-13,14:42:00,579.75,579.75,579.75,579.75,0.0
2023-07-13,14:45:00,579.75,579.75,579.75,579.75,0.0
2023-07-13,14:48:00,579.75,579.75,579.75,579.75,0.0
2023-07-13,14:51:00,579.75,691.7,579.75,691.7,50.0
2023-07-13,14:54:00,691.7,691.7,691.7,691.7,0.0
2023-07-13,14:57:00,691.7,691.7,691.7,691.7,0.0
2023-07-13,15:00:00,691.7,691.7,691.7,691.7,0.0
2023-07-13,15:03:00,691.7,691.7,691.7,691.7,0.0
2023-07-13,15:06:00,691.7,691.7,691.7,691.7,0.0
2023-07-13,15:09:00,691.7,691.7,691.7,691.7,0.0
2023-07-13,15:12:00,691.7,691.7,691.7,691.7,0.0
2023-07-13,15:15:00,691.7,691.7,691.7,691.7,0.0
2023-07-13,15:18:00,691.7,691.7,691.7,691.7,0.0
2023-07-13,15:21:00,691.7,691.7,691.7,691.7,0.0
2023-07-13,15:24:00,691.7,691.7,691.7,691.7,0.0
2023-07-13,15:27:00,691.7,691.7,680.0,680.0,50.0
2023-07-14,09:15:00,691.7,691.7,680.0,680.0,150.0
2023-07-14,09:18:00,691.7,691.7,680.0,680.0,150.0
2023-07-14,09:21:00,691.7,691.7,680.0,680.0,150.0
2023-07-14,09:24:00,691.7,691.7,680.0,680.0,150.0
2023-07-14,09:27:00,691.7,691.7,680.0,680.0,150.0
2023-07-14,09:30:00,691.7,691.7,663.0,663.0,151.0
2023-07-14,09:33:00,663.0,663.0,663.0,663.0,0.0
2023-07-14,09:36:00,663.0,663.0,663.0,663.0,0.0
2023-07-14,09:39:00,663.0,663.0,663.0,663.0,0.0
2023-07-14,09:42:00,663.0,663.0,663.0,663.0,0.0
2023-07-14,09:45:00,663.0,663.0,663.0,663.0,0.0
2023-07-14,09:48:00,663.0,663.0,663.0,663.0,0.0
2023-07-14,09:51:00,663.0,663.0,663.0,663.0,0.0
2023-07-14,09:54:00,663.0,663.0,663.0,663.0,0.0
2023-07-14,09:57:00,663.0,663.0,663.0,663.0,0.0
2023-07-14,10:00:00,663.0,663.0,663.0,663.0,0.0
2023-07-14,10:03:00,663.0,663.0,663.0,663.0,0.0
2023-07-14,10:06:00,663.0,663.0,663.0,663.0,0.0
2023-07-14,10:09:00,663.0,663.0,663.0,663.0,0.0
2023-07-14,10:12:00,663.0,663.0,663.0,663.0,0.0
2023-07-14,10:15:00,663.0,663.0,663.0,663.0,0.0
2023-07-14,10:18:00,663.0,663.0,663.0,663.0,0.0
2023-07-14,10:21:00,663.0,663.0,663.0,663.0,0.0
2023-07-14,10:24:00,663.0,663.0,663.0,663.0,0.0
2023-07-14,10:27:00,663.0,663.0,663.0,663.0,0.0
2023-07-14,10:30:00,663.0,663.0,663.0,663.0,0.0
2023-07-14,10:33:00,663.0,663.0,663.0,663.0,0.0
2023-07-14,10:36:00,663.0,663.0,663.0,663.0,0.0
2023-07-14,10:39:00,663.0,663.0,663.0,663.0,0.0
2023-07-14,10:42:00,663.0,663.0,663.0,663.0,0.0
2023-07-14,10:45:00,663.0,663.0,663.0,663.0,0.0
2023-07-14,10:48:00,663.0,663.0,663.0,663.0,0.0
2023-07-14,10:51:00,663.0,663.0,663.0,663.0,0.0
2023-07-14,10:54:00,663.0,663.0,663.0,663.0,0.0
2023-07-14,10:57:00,663.0,663.0,663.0,663.0,0.0
2023-07-14,11:00:00,663.0,663.0,663.0,663.0,0.0
2023-07-14,11:03:00,663.0,663.0,663.0,663.0,0.0
2023-07-14,11:06:00,663.0,663.0,663.0,663.0,0.0
2023-07-14,11:09:00,663.0,663.0,663.0,663.0,0.0
2023-07-14,11:12:00,663.0,663.0,663.0,663.0,0.0
2023-07-14,11:15:00,663.0,663.0,663.0,663.0,0.0
2023-07-14,11:18:00,663.0,663.0,650.0,650.0,100.0
2023-07-14,11:21:00,650.0,650.0,650.0,650.0,0.0
2023-07-14,11:24:00,650.0,650.0,650.0,650.0,0.0
2023-07-14,11:27:00,650.0,650.0,650.0,650.0,0.0
2023-07-14,11:30:00,650.0,650.0,650.0,650.0,0.0
2023-07-14,11:33:00,650.0,650.0,650.0,650.0,0.0
2023-07-14,11:36:00,650.0,650.0,650.0,650.0,0.0
2023-07-14,11:39:00,650.0,650.0,650.0,650.0,0.0
2023-07-14,11:42:00,650.0,650.0,650.0,650.0,0.0
2023-07-14,11:45:00,650.0,650.0,650.0,650.0,0.0
2023-07-14,11:48:00,650.0,650.0,650.0,650.0,0.0
2023-07-14,11:51:00,650.0,650.0,650.0,650.0,0.0
2023-07-14,11:54:00,650.0,650.0,650.0,650.0,0.0
2023-07-14,11:57:00,650.0,650.0,650.0,650.0,0.0
2023-07-14,12:00:00,650.0,650.0,650.0,650.0,0.0
2023-07-14,12:03:00,650.0,650.0,650.0,650.0,0.0
2023-07-14,12:06:00,650.0,650.0,650.0,650.0,0.0
2023-07-14,12:09:00,650.0,650.0,650.0,650.0,0.0
2023-07-14,12:12:00,650.0,650.0,650.0,650.0,0.0
2023-07-14,12:15:00,650.0,650.0,650.0,650.0,0.0
2023-07-14,12:18:00,650.0,650.0,650.0,650.0,0.0
2023-07-14,12:21:00,650.0,650.0,650.0,650.0,0.0
2023-07-14,12:24:00,650.0,650.0,650.0,650.0,0.0
2023-07-14,12:27:00,650.0,650.0,650.0,650.0,0.0
2023-07-14,12:30:00,650.0,650.0,650.0,650.0,0.0
2023-07-14,12:33:00,650.0,650.0,650.0,650.0,0.0
2023-07-14,12:36:00,650.0,650.0,650.0,650.0,0.0
2023-07-14,12:39:00,650.0,650.0,650.0,650.0,0.0
2023-07-14,12:42:00,650.0,650.0,650.0,650.0,0.0
2023-07-14,12:45:00,650.0,650.0,650.0,650.0,0.0
2023-07-14,12:48:00,650.0,650.0,650.0,650.0,0.0
2023-07-14,12:51:00,650.0,650.0,650.0,650.0,0.0
2023-07-14,12:54:00,650.0,650.0,650.0,650.0,0.0
2023-07-14,12:57:00,650.0,650.0,650.0,650.0,0.0
2023-07-14,13:00:00,650.0,650.0,650.0,650.0,0.0
2023-07-14,13:03:00,650.0,650.0,650.0,650.0,0.0
2023-07-14,13:06:00,650.0,650.0,650.0,650.0,0.0
2023-07-14,13:09:00,650.0,650.0,650.0,650.0,0.0
2023-07-14,13:12:00,650.0,650.0,650.0,650.0,0.0
2023-07-14,13:15:00,650.0,650.0,650.0,650.0,0.0
2023-07-14,13:18:00,650.0,650.0,650.0,650.0,0.0
2023-07-14,13:21:00,650.0,650.0,650.0,650.0,0.0
2023-07-14,13:24:00,650.0,650.0,650.0,650.0,0.0
2023-07-14,13:27:00,650.0,650.0,650.0,650.0,0.0
2023-07-14,13:30:00,650.0,650.0,650.0,650.0,0.0
2023-07-14,13:33:00,650.0,650.0,650.0,650.0,0.0
2023-07-14,13:36:00,650.0,650.0,650.0,650.0,0.0
2023-07-14,13:39:00,650.0,650.0,650.0,650.0,0.0
2023-07-14,13:42:00,650.0,650.0,638.1,638.1,100.0
2023-07-14,13:45:00,638.1,638.1,638.1,638.1,0.0
2023-07-14,13:48:00,638.1,651.0,638.1,651.0,100.0
2023-07-14,13:51:00,651.0,651.0,651.0,651.0,0.0
2023-07-14,13:54:00,651.0,651.0,651.0,651.0,0.0
2023-07-14,13:57:00,651.0,651.0,651.0,651.0,0.0
2023-07-14,14:00:00,651.0,651.0,651.0,651.0,0.0
2023-07-14,14:03:00,651.0,651.0,651.0,651.0,0.0
2023-07-14,14:06:00,651.0,651.0,651.0,651.0,0.0
2023-07-14,14:09:00,651.0,651.0,651.0,651.0,0.0
2023-07-14,14:12:00,651.0,651.0,651.0,651.0,0.0
2023-07-14,14:15:00,651.0,651.0,651.0,651.0,0.0
2023-07-14,14:18:00,651.0,651.0,651.0,651.0,0.0
2023-07-14,14:21:00,651.0,651.0,651.0,651.0,0.0
2023-07-14,14:24:00,651.0,651.0,651.0,651.0,0.0
2023-07-14,14:27:00,651.0,651.0,651.0,651.0,0.0
2023-07-14,14:30:00,651.0,651.0,651.0,651.0,0.0
2023-07-14,14:33:00,651.0,651.0,651.0,651.0,0.0
2023-07-14,14:36:00,651.0,651.0,651.0,651.0,0.0
2023-07-14,14:39:00,651.0,651.0,651.0,651.0,0.0
2023-07-14,14:42:00,651.0,651.0,651.0,651.0,0.0
2023-07-14,14:45:00,651.0,651.0,651.0,651.0,0.0
2023-07-14,14:48:00,651.0,651.0,651.0,651.0,0.0
2023-07-14,14:51:00,651.0,651.0,651.0,651.0,0.0
2023-07-14,14:54:00,651.0,651.0,651.0,651.0,0.0
2023-07-14,14:57:00,651.0,651.0,651.0,651.0,0.0
2023-07-14,15:00:00,651.0,651.0,651.0,651.0,0.0
2023-07-14,15:03:00,651.0,651.0,651.0,651.0,0.0
2023-07-14,15:06:00,651.0,651.0,651.0,651.0,0.0
2023-07-14,15:09:00,651.0,651.0,651.0,651.0,0.0
2023-07-14,15:12:00,651.0,651.0,651.0,651.0,0.0
2023-07-14,15:15:00,651.0,651.0,651.0,651.0,0.0
2023-07-14,15:18:00,651.0,651.0,651.0,651.0,0.0
2023-07-14,15:21:00,651.0,651.0,651.0,651.0,0.0
2023-07-14,15:24:00,651.0,651.0,651.0,651.0,0.0
2023-07-14,15:27:00,651.0,651.0,559.75,559.75,100.0
